fecha,hora,tienda,nombre,enlace,precio_actual,precio_normal,hay_stock,cantidad
2026-09-20,16:04:07,airsoftgames,Correa emerson 1- 2 puntas tan (TOB),https://airsoftgames.cl/producto/correa-emerson-1-2-puntas-tan/,12000,12000,si,2
2026-09-20,16:04:07,airsoftgames,Pouch TACO HLD simple m4 (TOB),https://airsoftgames.cl/producto/pouch-taco-hld-simple-m4/,4990,4990,si,1
2026-09-20,16:04:07,airsoftgames,Utilitario pouch mc (TOB),https://airsoftgames.cl/producto/utilitario-pouch-mc/,6990,6990,si,1
2026-09-20,16:04:07,airsoftgames,Pouch TACO DD simple m4 (TOB),https://airsoftgames.cl/producto/pouch-taco-dd-simple-m4/,4990,4990,si,1
2026-09-20,16:04:07,airsoftgames,Pouch TACO Marpat simple m4 (tob),https://airsoftgames.cl/producto/pouch-taco-marpat-simple-m4/,4990,4990,si,7
2026-09-20,16:04:07,airsoftgames,Emerson rodilleras g3 tan (TOB),https://airsoftgames.cl/producto/emerson-rodilleras-g3-tan/,7000,7000,si,1
2026-09-20,16:04:07,airsoftgames,Emerson rodilleras g3 negra (TOB),https://airsoftgames.cl/producto/emerson-rodilleras-g3-negra/,7000,7000,si,11
2026-09-20,16:04:07,airsoftgames,Correa tan troy (2 puntas) (TOB),https://airsoftgames.cl/producto/correa-tan-troy-2-puntas/,12000,12000,si,5
2026-09-20,16:04:07,airsoftgames,Velo sniper zona sur (TOB),https://airsoftgames.cl/producto/velo-sniper-zona-sur/,7000,7000,si,2
2026-09-20,16:04:07,airsoftgames,Velo sniper tan (TOB),https://airsoftgames.cl/producto/velo-sniper-tan/,7000,7000,si,1
2026-09-20,16:04:07,airsoftgames,Velo sniper woodland (TOB),https://airsoftgames.cl/producto/velo-sniper-woodland/,7000,7000,si,8
2026-09-20,16:04:07,airsoftgames,Casco fast green (TOB),https://airsoftgames.cl/producto/casco-fast-green/,25000,25000,si,1
2026-09-20,16:04:07,airsoftgames,Casco mich 2001 gris (TOB),https://airsoftgames.cl/producto/casco-mich-2001-gris/,25000,25000,si,1
2026-09-20,16:04:07,airsoftgames,Antiparras (TOB),https://airsoftgames.cl/producto/antiparras/,9000,9000,si,1
2026-09-20,16:04:07,airsoftgames,Cinturon escopeta negro (TOB),https://airsoftgames.cl/producto/cinturon-escopeta-negro/,9000,9000,si,1
2026-09-20,16:04:07,airsoftgames,Cinturon escopeta wood (TOB),https://airsoftgames.cl/producto/cinturon-escopeta-wood/,9000,9000,si,1
2026-09-20,16:04:07,airsoftgames,Holster Granada Hann (TOB),https://airsoftgames.cl/producto/holster-granada-hann/,12000,12000,si,18
2026-09-20,16:04:07,airsoftgames,Funda diadema auriculares tan (TOB),https://airsoftgames.cl/producto/funda-diadema-auriculares-tan/,6000,6000,si,5
2026-09-20,16:04:07,airsoftgames,Funda diadema auriculares mc (TOB),https://airsoftgames.cl/producto/funda-diadema-auriculares-mc/,6000,6000,si,2
2026-09-20,16:04:07,airsoftgames,Funda diadema auriculares negro (TOB),https://airsoftgames.cl/producto/funda-diadema-auriculares-negro/,6000,6000,si,3
2026-09-20,16:04:07,airsoftgames,Funda diadema auriculares  verde (TOB),https://airsoftgames.cl/producto/funda-diadema-auriculares-verde/,6000,6000,si,8
2026-09-20,16:04:07,airsoftgames,Repuestos de xl burst (TOB),https://airsoftgames.cl/producto/repuestos-de-xl-burst/,9000,9000,si,23
2026-09-20,16:04:07,airsoftgames,Balaclava tipo2 tan (TOB),https://airsoftgames.cl/producto/balaclava-tipo2-tan/,5000,5000,si,3
2026-09-20,16:04:07,airsoftgames,Balaclava coyote (TOB),https://airsoftgames.cl/producto/balaclava-coyote/,4500,4500,si,15
2026-09-20,16:04:07,airsoftgames,Balaclava realtree (TOB),https://airsoftgames.cl/producto/balaclava-realtree/,4500,4500,si,6
2026-09-20,16:04:07,airsoftgames,Balaclava Typhon desert (TOB),https://airsoftgames.cl/producto/balaclava-typhon-desert/,4500,4500,si,3
2026-09-20,16:04:07,airsoftgames,Emerson 2.0 upf50 mangas mc tropic l/xl (TOB),https://airsoftgames.cl/producto/emerson-2-0-upf50-mangas-mc-tropic-l-xl/,9990,9990,si,6
2026-09-20,16:04:07,airsoftgames,Emerson 2.0 upf50 mangas woodland s/m (TOB),https://airsoftgames.cl/producto/emerson-2-0-upf50-mangas-woodland-s-m/,9990,9990,si,6
2026-09-20,16:04:07,airsoftgames,Emerson 2.0 upf50 mangas multicam black  s/m (TOB),https://airsoftgames.cl/producto/emerson-2-0-upf50-mangas-multicam-black-s-m/,9990,9990,si,4
2026-09-20,16:04:07,airsoftgames,Emerson 2.0 upf50 mangas desert s/m (TOB),https://airsoftgames.cl/producto/emerson-2-0-upf50-mangas-desert-s-m/,9990,9990,si,9
2026-09-20,16:04:07,airsoftgames,Funda pistola molle verde (TOB),https://airsoftgames.cl/producto/funda-pistola-molle-verde/,6990,6990,si,1
2026-09-20,16:04:07,airsoftgames,Funda pistola molle negro (TOB),https://airsoftgames.cl/producto/funda-pistola-molle-negro/,6990,6990,si,3
2026-09-20,16:04:07,airsoftgames,Máscaras v1 con tela woodland (TOB),https://airsoftgames.cl/producto/mascaras-v1-con-tela-woodland/,7500,7500,si,8
2026-09-20,16:04:07,airsoftgames,Máscaras v1 con tela aor1 (TOB),https://airsoftgames.cl/producto/mascaras-v1-con-tela-aor1/,7500,7500,si,3
2026-09-20,16:04:07,airsoftgames,Máscaras v1 con tela woodland digital (TOB),https://airsoftgames.cl/producto/mascaras-v1-con-tela-woodland-digital/,7500,7500,si,1
2026-09-20,16:04:07,airsoftgames,Máscaras v1 con tela Pencott green (TOB),https://airsoftgames.cl/producto/mascaras-v1-con-tela-pencott-green/,7500,7500,si,5
2026-09-20,16:04:07,airsoftgames,Máscaras v1 con tela mm14 desert (TOB),https://airsoftgames.cl/producto/mascaras-v1-con-tela-mm14-desert/,7500,7500,si,7
2026-09-20,16:04:07,airsoftgames,Máscaras v1 con tela mc (TOB),https://airsoftgames.cl/producto/mascaras-v1-con-tela-mc/,7500,7500,si,12
2026-09-20,16:04:07,airsoftgames,Cinturón cobra talla L woodland (TOB),https://airsoftgames.cl/producto/cintu1-8/,5000,5000,si,4
2026-09-20,16:04:07,airsoftgames,Cinturón cobra talla xxl mc (TOB),https://airsoftgames.cl/producto/cinturon-cobra-talla-xxl-mc/,5000,5000,si,6
2026-09-20,16:04:07,airsoftgames,Cinturón cobra talla xxl aor1 (TOB),https://airsoftgames.cl/producto/cinturon-cobra-talla-xxl-aor1/,5000,5000,si,9
2026-09-20,16:04:07,airsoftgames,Cinturón cobra talla xl negro (TOB),https://airsoftgames.cl/producto/cinturon-cobra-talla-xl-negro/,5000,5000,si,21
2026-09-20,16:04:07,airsoftgames,Cinturón cobra talla xl mc (TOB),https://airsoftgames.cl/producto/cinturon-cobra-talla-xl-mc/,5000,5000,si,5
2026-09-20,16:04:07,airsoftgames,Cinturón cobra talla xl aor1 (TOB),https://airsoftgames.cl/producto/cinturon-cobra-talla-xl-aor1/,5000,5000,si,37
2026-09-20,16:04:07,airsoftgames,Cinturón cobra talla xs mc (TOB),https://airsoftgames.cl/producto/cinturon-cobra-talla-xs-mc/,5000,5000,si,11
2026-09-20,16:04:07,airsoftgames,Cinturón cobra talla xs aor1 (TOB),https://airsoftgames.cl/producto/cinturon-cobra-talla-xs-aor1/,5000,5000,si,16
2026-09-20,16:04:07,airsoftgames,Cinturón cobra talla xs negro (TOB),https://airsoftgames.cl/producto/cinturon-cobra-talla-xs-negro/,5000,5000,si,31
2026-09-20,16:04:07,airsoftgames,Manos libre motorola 1 pin (TOB),https://airsoftgames.cl/producto/manos-libre-motorola-1-pin/,3000,3000,si,1
2026-09-20,16:04:07,airsoftgames,Ptt kenwood grande (carabineros)(TOB),https://airsoftgames.cl/producto/ptt-kenwood-grande-carabineros/,8000,8000,si,5
2026-09-20,16:04:07,airsoftgames,Zpeltor ptt military (TOB),https://airsoftgames.cl/producto/zpeltor-ptt-military/,8000,8000,si,3
2026-09-20,16:04:07,airsoftgames,Ptt motorola 1 pin (TOB),https://airsoftgames.cl/producto/ptt-motorola-1-pin/,8000,8000,si,10
2026-09-20,16:04:07,airsoftgames,Ptt motorola midland 2 pin (TOB),https://airsoftgames.cl/producto/ptt-motorola-midland-2-pin/,8000,8000,si,7
2026-09-20,16:04:07,airsoftgames,Ptt motorola 2pin (TOB),https://airsoftgames.cl/producto/ptt-motorola-2pin/,8000,8000,si,2
2026-09-20,16:04:07,airsoftgames,Manos libre motorola 2pin (TOB),https://airsoftgames.cl/producto/manos-libre-motorola-2pin/,3000,3000,si,11
2026-09-20,16:04:07,airsoftgames,killflash aco 4×32  (TOB),https://airsoftgames.cl/producto/killflash-aco-4x32-kk/,5000,5000,si,5
2026-09-20,16:04:07,airsoftgames,Montura linterna (TOB),https://airsoftgames.cl/producto/montura-linterna/,4000,4000,si,1
2026-09-20,16:04:07,airsoftgames,fma weaponlin smr for molle  tan (TOB),https://airsoftgames.cl/producto/fma-weaponlin-smr-for-molle-tan/,15000,15000,si,1
2026-09-20,16:04:07,airsoftgames,Fma weaponlin smr for molle  bk (TOB),https://airsoftgames.cl/producto/fma-weaponlin-smr-for-molle-bk/,15000,15000,si,1
2026-09-20,16:04:07,airsoftgames,killflash holo (TOB),https://airsoftgames.cl/producto/killflash-holo/,7500,7500,si,2
2026-09-20,16:04:07,airsoftgames,Fma magwell and grip keymod tan (TOB),https://airsoftgames.cl/producto/fma-magwell-and-grip-keymod-tan/,7000,7000,si,6
2026-09-20,16:04:07,airsoftgames,Fma magwell and grip keymod negro (TOB),https://airsoftgames.cl/producto/fma-magwell-and-grip-keymod-negro/,7000,7000,si,13
2026-09-20,16:04:07,airsoftgames,Fma sflash bang holster negro (TOB),https://airsoftgames.cl/producto/fma-sflash-bang-holster-negro/,9000,9000,si,9
2026-09-20,16:04:07,airsoftgames,Fma sflash bang holster tan (TOB),https://airsoftgames.cl/producto/fma-sflash-bang-holster-tan/,9000,9000,si,9
2026-09-20,16:04:07,airsoftgames,Emerson fast arc helmet mount negro (TOB),https://airsoftgames.cl/producto/emerson-fast-arc-helmet-mount-negro/,8000,8000,si,10
2026-09-20,16:04:07,airsoftgames,Emerson fast arc helmet mount gris (TOB),https://airsoftgames.cl/producto/emerson-fast-arc-helmet-mount-gris/,8000,8000,si,5
2026-09-20,16:04:07,airsoftgames,Emerson fast arc helmet mount tan (TOB),https://airsoftgames.cl/producto/emerson-fast-arc-helmet-mount-tan/,5200,5200,si,6
2026-09-20,16:04:07,airsoftgames,Tirador de mag engomado gris (TOB),https://airsoftgames.cl/producto/tirador-de-mag-engomado-gris/,4000,4000,si,7
2026-09-20,16:04:07,airsoftgames,Guía de manguera camelback (TOB),https://airsoftgames.cl/producto/guia-de-manguera-camelback/,1500,1500,si,9
2026-09-20,16:04:07,airsoftgames,Fma 3 type for 25mm wabbing od (TOB),https://airsoftgames.cl/producto/fma-3-type-for-25mm-wabbing-od/,3000,3000,si,1
2026-09-20,16:04:07,airsoftgames,Scorpion sniper calibre 7.62 magazine pouch verde (TOB),https://airsoftgames.cl/producto/scorpion-sniper-calibre-7-62-magazine-pouch-verde/,8990,8990,si,8
2026-09-20,16:04:07,airsoftgames,Td battle grip rail cover with pocket black (TOB),https://airsoftgames.cl/producto/td-battle-grip-rail-cover-with-pocket-black/,5000,5000,si,16
2026-09-20,16:04:07,airsoftgames,Td battle grip rail cover with pocket tan (TOB),https://airsoftgames.cl/producto/td-battle-grip-rail-cover-with-pocket-tan/,5000,5000,si,22
2026-09-20,16:04:07,airsoftgames,Tango down Scar pocket panel tan (TOB),https://airsoftgames.cl/producto/tango-down-scar-pocket-panel-tan/,5000,5000,si,13
2026-09-20,16:04:07,airsoftgames,Tango down Scar pocket panel negro (TOB),https://airsoftgames.cl/producto/tango-down-scar-pocket-panel-negro/,5000,5000,si,8
2026-09-20,16:04:07,airsoftgames,Montura gopro tan (TOB),https://airsoftgames.cl/producto/montura-gopro-tan/,5990,5990,si,12
2026-09-20,16:04:07,airsoftgames,Porta mag doble m4 tela verde (TOB),https://airsoftgames.cl/producto/porta-mag-doble-m4-tela-verde/,3000,3000,si,24
2026-09-20,16:04:07,airsoftgames,Grip fma ftg 3 mlok (TOB),https://airsoftgames.cl/producto/grip-fma-ftg-3-m-l-mlok/,4990,4990,si,11
2026-09-20,16:04:07,airsoftgames,Emerson TACO ( magazine M4 y pistola )SG (TOB),https://airsoftgames.cl/producto/emerson-taco-magazine-m4-y-pistola-sg/,9990,9990,si,4
2026-09-20,16:04:07,airsoftgames,Emerson TACO ( magazine M4 y pistola )od (TOB),https://airsoftgames.cl/producto/emerson-taco-magazine-m4-y-pistola-od/,9990,9990,si,3
2026-09-20,16:04:07,airsoftgames,Emerson TACO ( magazine M4 y pistola )MR (TOB),https://airsoftgames.cl/producto/emerson-taco-magazine-m4-y-pistola-mr/,9990,9990,si,7
2026-09-20,16:04:07,airsoftgames,Emerson TACO ( magazine M4 y pistola )JD (TOB),https://airsoftgames.cl/producto/emerson-taco-magazine-m4-y-pistola-jd/,9990,9990,si,6
2026-09-20,16:04:07,airsoftgames,Emerson TACO ( magazine M4 y pistola )Desert digital (TOB),https://airsoftgames.cl/producto/emerson-taco-magazine-m4-y-pistola-desert-digital/,9990,9990,si,3
2026-09-20,16:04:07,airsoftgames,IFAC (botiquin) digital desert (TOB),https://airsoftgames.cl/producto/ifac-botiquin-digital-desert/,14500,14500,si,3
2026-09-20,16:04:07,airsoftgames,Máscara malla v2 camulfaje verde (TOB),https://airsoftgames.cl/producto/mascara-malla-v2-camulfaje-verde/,7990,7990,si,10
2026-09-20,16:04:07,airsoftgames,mascara malla v1 verde skull,https://airsoftgames.cl/producto/mascara-malla-v1-verde-skull/,7990,7990,si,4
2026-09-20,16:04:07,airsoftgames,Cinturón blackhawk 2  tan m (TOB),https://airsoftgames.cl/producto/cinturon-blackhawk-2-tan-m/,8500,8500,si,1
2026-09-20,16:04:07,airsoftgames,Pouch triple Emerson (elástico)negro (TOB),https://airsoftgames.cl/producto/pouch-triple-emerson-elstico-negro/,9990,9990,si,18
2026-09-20,16:04:07,airsoftgames,Pouch triple Emerson (elástico)acu (TOB),https://airsoftgames.cl/producto/pouch-triple-emerson-elstico-acu/,9990,9990,si,9
2026-09-20,16:04:07,airsoftgames,Velo cuello fg (TOB),https://airsoftgames.cl/producto/velo-cuello-fg/,4990,4990,si,2
2026-09-20,16:04:07,airsoftgames,Velo cuello desert (TOB),https://airsoftgames.cl/producto/velo-cuello-desert/,4990,4990,no,N/A
2026-09-20,16:04:07,airsoftgames,Velo cuello coyote (TOB),https://airsoftgames.cl/producto/velo-cuello-coyote/,4990,4990,si,2
2026-09-20,16:04:07,airsoftgames,Funda molle tornado Zurdo tan (TOB),https://airsoftgames.cl/producto/funda-molle-tornado-zurdo-tan/,6990,6990,si,1
2026-09-20,16:04:07,airsoftgames,Piernera digital desert (TOB),https://airsoftgames.cl/producto/piernera-digital-desert/,11990,11990,si,1
2026-09-20,16:04:07,airsoftgames,Pouch radio tan (TOB),https://airsoftgames.cl/producto/pouch-radio-tan/,7500,7500,si,3
2026-09-20,16:04:07,airsoftgames,Pouch simple m4 woodland (TB),https://airsoftgames.cl/producto/pouch-simple-m4-woodland/,4990,4990,si,1
2026-09-20,16:04:07,airsoftgames,Pouch doble m4 EMERSON fg (elástico) (TB),https://airsoftgames.cl/producto/pouch-doble-m4-emerson-fg-elstico/,8990,8990,si,9
2026-09-20,16:04:07,airsoftgames,Primera linea mc 2xl- 3xl (TB),https://airsoftgames.cl/producto/primera-linea-mc-2xl-3xl/,16990,16990,si,3
2026-09-20,16:04:07,airsoftgames,Piernera subfusil acu zurdo (TOB),https://airsoftgames.cl/producto/piernera-subfusil-acu-zurdo/,16990,16990,si,4
2026-09-20,16:04:07,airsoftgames,Piernera subfusil mc (TOB),https://airsoftgames.cl/producto/piernera-subfusil-mc/,16990,16990,si,1
2026-09-20,16:04:07,airsoftgames,Piernera subfusil negra zurdo (TOB),https://airsoftgames.cl/producto/piernera-subfusil-negra-zurdo/,16990,16990,si,8
2026-09-20,16:04:07,airsoftgames,Piernera subfusil verde zurdo (TOB),https://airsoftgames.cl/producto/piernera-subfusil-verde-zurdo/,16990,16990,si,5
2026-09-20,16:04:07,airsoftgames,Piernera subfusil verde (TOB),https://airsoftgames.cl/producto/piernera-subfusil-verde/,16990,16990,si,1
2026-09-20,16:04:07,airsoftgames,Piernera subfusil tan (TOB),https://airsoftgames.cl/producto/piernera-subfusil-tan/,16990,16990,si,1
2026-09-20,16:04:07,airsoftgames,Funda pistola molle marpat (TOB),https://airsoftgames.cl/producto/funda-pistola-molle-marpat/,6990,6990,si,2
2026-09-20,16:04:07,airsoftgames,Porta granda molle negro (TOB),https://airsoftgames.cl/producto/porta-granda-molle-negro/,7990,7990,si,3
2026-09-20,16:04:07,airsoftgames,Killflash mira T1 FMA (TOB),https://airsoftgames.cl/producto/killflash-mira-t1-fma/,5000,5000,si,59
2026-09-20,16:04:07,airsoftgames,Bandera baja negra (TOB),https://airsoftgames.cl/producto/bandera-baja-negra/,6990,6990,si,1
2026-09-20,16:04:07,airsoftgames,Bandera baja tan (TOB),https://airsoftgames.cl/producto/bandera-baja-tan/,6990,6990,si,1
2026-09-20,16:04:07,airsoftgames,Z123 Ztac style wireless ptt Motorola Talkabout (TOB),https://airsoftgames.cl/producto/z123-ztac-style-wireless-ptt-motorola-talkabout/,15990,15990,si,7
2026-09-20,16:04:07,airsoftgames,Adaptadores de audifonos Casco FMA negro (TOB),https://airsoftgames.cl/producto/adaptadores-de-audifonos-casco-fma-negro/,7990,7990,si,4
2026-09-20,16:04:07,airsoftgames,Adaptadores de audifonos Casco FMA tan (TOB),https://airsoftgames.cl/producto/adaptadores-de-audifonos-casco-fma-tan/,7990,7990,si,13
2026-09-20,16:04:07,airsoftgames,Parches cherif  negro (TOB),https://airsoftgames.cl/producto/parches-cherif-negro/,5990,5990,si,1
2026-09-20,16:04:07,airsoftgames,Parches policia verde (TOB),https://airsoftgames.cl/producto/parches-policia-verde/,5990,5990,si,14
2026-09-20,16:04:07,airsoftgames,Parches policia negro (TOB),https://airsoftgames.cl/producto/parches-policia-negro/,5990,5990,si,19
2026-09-20,16:04:07,airsoftgames,Accesorio Molle para cinturón Cobra verde (TB),https://airsoftgames.cl/producto/accesorio-molle-para-cinturon-cobra-verde/,12990,12990,si,103
2026-09-20,16:04:07,airsoftgames,Accesorio Molle para cinturón Cobra mc black (TB),https://airsoftgames.cl/producto/accesorio-molle-para-cinturon-cobra-mc-black/,12990,12990,si,1
2026-09-20,16:04:07,airsoftgames,Accesorio Molle para cinturón Cobra negro (TB),https://airsoftgames.cl/producto/accesorio-molle-para-cinturon-cobra-negro/,12990,12990,si,85
2026-09-20,16:04:07,airsoftgames,Accesorio Molle para cinturón Cobra tan (TOB),https://airsoftgames.cl/producto/accesorio-molle-para-cinturon-cobra-tan/,12990,12990,si,2
2026-09-20,16:04:07,airsoftgames,Emerson TACO ( magazine M4 y pistola )HLD (TOB),https://airsoftgames.cl/producto/emerson-doble-magazine-m4-y-pistola-hld/,9990,9990,si,8
2026-09-20,16:04:07,airsoftgames,Emerson TACO ( magazine M4 y pistola )negro (TOB),https://airsoftgames.cl/producto/emerson-doble-magazine-m4-y-pistola-negro/,9990,9990,si,7
2026-09-20,16:04:07,airsoftgames,IFAC (botiquin) Marpat (TOB),https://airsoftgames.cl/producto/ifac-botiquin-marpat/,14500,14500,si,2
2026-09-20,16:04:07,airsoftgames,Máscara malla v1 tan skull (TOB),https://airsoftgames.cl/producto/mascara-malla-v1-tan-skull/,7990,7990,si,2
2026-09-20,16:04:07,airsoftgames,Máscara malla v1 verde (TB),https://airsoftgames.cl/producto/mascara-malla-v1-verde/,7990,7990,si,1
2026-09-20,16:04:07,airsoftgames,Máscara malla v1 negra (TOB),https://airsoftgames.cl/producto/mascara-malla-v1-negra/,7990,7990,si,1
2026-09-20,16:04:07,airsoftgames,Funda  revolver,https://airsoftgames.cl/producto/funda-revolver/,12990,12990,si,1
2026-09-20,16:04:07,airsoftgames,Piernera pistola puch mag tan universal (TOB),https://airsoftgames.cl/producto/piernera-pistola-puch-mag-tan-universal/,7990,7990,si,1
2026-09-20,16:04:07,airsoftgames,Piernera pistola puch mag verde universal (TOB),https://airsoftgames.cl/producto/piernera-pistola-puch-mag-verde-universal/,7990,7990,si,1
2026-09-20,16:04:07,airsoftgames,Piernera pistola puch mag Mc universal (TOB),https://airsoftgames.cl/producto/piernera-pistola-puch-mag-mc-universal/,7990,7990,si,3
2026-09-20,16:04:07,airsoftgames,FMA  3 strap buckle accessory negro (TOB),https://airsoftgames.cl/producto/fma-3-strap-buckle-accessory-negro/,3990,3990,si,8
2026-09-20,16:04:07,airsoftgames,FMA  3 strap buckle accessory tan (TOB),https://airsoftgames.cl/producto/fma-3-strap-buckle-accessory-tan/,3990,3990,si,1
2026-09-20,16:04:07,airsoftgames,FMA  3 strap buckle accessory gris (TOB),https://airsoftgames.cl/producto/fma-3-strap-buckle-accessory-gris/,3990,3990,si,2
2026-09-20,16:04:07,airsoftgames,Pouch radio mc (TOB),https://airsoftgames.cl/producto/pouch-radio-mc-2/,5000,5000,si,4
2026-09-20,16:04:07,airsoftgames,Cubre rieles panel negro 2 piezas (TOB),https://airsoftgames.cl/producto/cubre-rieles-panel-negro-2-piezas/,5000,5000,si,3
2026-09-20,16:04:07,airsoftgames,Cubre rieles  tan  XTP (TOB),https://airsoftgames.cl/producto/cubre-rieles-tan-xtp/,10000,10000,si,4
2026-09-20,16:04:07,airsoftgames,Cubre rieles  negro  XTP (TOB),https://airsoftgames.cl/producto/cubre-rieles-negro-xtp/,10000,10000,si,3
2026-09-20,16:04:07,airsoftgames,Cubre rieles  Gris XTP (TOB),https://airsoftgames.cl/producto/cubre-rieles-gris-xtp/,10000,10000,si,4
2026-09-20,16:04:07,airsoftgames,FMA goggle swivel clips bk (TOB),https://airsoftgames.cl/producto/fma-goggle-swivel-clips-bk/,3000,3000,si,2
2026-09-20,16:04:07,airsoftgames,FMA helmet NV mount nylon (TOB),https://airsoftgames.cl/producto/fma-helmet-nv-mount-nylon/,4990,4990,si,12
2026-09-20,16:04:07,airsoftgames,Clip doble mag AK negro (TOB),https://airsoftgames.cl/producto/clip-doble-mag-ak-negro/,5000,5000,si,16
2026-09-20,16:04:07,airsoftgames,Emerson repuestoi casco clips (TOB),https://airsoftgames.cl/producto/emerson-repuestoi-casco-clips/,5000,5000,si,17
2026-09-20,16:04:07,airsoftgames,Tirantes casco negro (TOB),https://airsoftgames.cl/producto/tirastes-casco-negro/,5000,5000,si,1
2026-09-20,16:04:07,airsoftgames,TiraNtes casco tan (TOB),https://airsoftgames.cl/producto/tirastes-casco-tan/,5000,5000,si,1
2026-09-20,16:04:07,airsoftgames,Cubre rieles goma negro (TOB),https://airsoftgames.cl/producto/cubre-rieles-goma-negro/,7990,7990,no,N/A
2026-09-20,16:04:07,airsoftgames,Cubre rieles goma tan (TOB),https://airsoftgames.cl/producto/cubre-rieles-goma-tan/,7990,7990,si,8
2026-09-20,16:04:07,airsoftgames,Repuestos cyclone (TOB),https://airsoftgames.cl/producto/repuestos-cyclone/,9990,9990,si,100
2026-09-20,16:04:07,airsoftgames,FMA quick locking sistem tan (TOB),https://airsoftgames.cl/producto/fma-quick-locking-sistem-tan/,5990,5990,si,8
2026-09-20,16:04:07,airsoftgames,Mid cap RK G&G 60 rds metal (TOB),https://airsoftgames.cl/producto/mid-cap-rk-g-g-60-rds-metal/,15990,15990,si,17
2026-09-20,16:04:07,airsoftgames,Mid cap G&G tan metal (TOB),https://airsoftgames.cl/producto/mid-cap-g-g-tan-metal/,15990,15990,si,2
2026-09-20,16:04:07,airsoftgames,Cinturon blackhawk verde l (TOB),https://airsoftgames.cl/producto/cinturon-blackhawk-verde-l/,8500,8500,si,2
2026-09-20,16:04:07,airsoftgames,Cinturón blackhawk verde m (TOB),https://airsoftgames.cl/producto/cinturon-blackhawk-verde-m/,8500,8500,si,7
2026-09-20,16:04:07,airsoftgames,Cinturón blackhawk negro m (TOB),https://airsoftgames.cl/producto/cinturon-blackhawk-negro-m/,8500,8500,si,2
2026-09-20,16:04:07,airsoftgames,Cinturón blackhawk tan m (TOB),https://airsoftgames.cl/producto/cinturon-blackhawk-tan-m/,8500,8500,si,2
2026-09-20,16:04:07,airsoftgames,Pouch triple Emerson (elástico)desert digital (TOB),https://airsoftgames.cl/producto/pouch-triple-emerson-elstico-desert-digital/,9990,9990,si,12
2026-09-20,16:04:07,airsoftgames,Pouch triple Emerson (elástico)marpat (TOB),https://airsoftgames.cl/producto/pouch-triple-emerson-elstico-marpat/,9990,9990,si,8
2026-09-20,16:04:07,airsoftgames,Pouch triple Emerson (elástico)gris (TOB),https://airsoftgames.cl/producto/pouch-triple-emerson-elstico-gris/,9990,9990,si,3
2026-09-20,16:04:07,airsoftgames,Pouch triple Emerson (elástico)attac FG (TOB),https://airsoftgames.cl/producto/pouch-triple-emerson-elstico-attac-fg/,9990,9990,si,5
2026-09-20,16:04:07,airsoftgames,Pouch triple Emerson (elástico)HLD (TOB),https://airsoftgames.cl/producto/pouch-triple-emerson-elstico-hld/,9990,9990,si,9
2026-09-20,16:04:07,airsoftgames,Velo cuello negro (TOB),https://airsoftgames.cl/producto/velo-cuello-negro/,4990,4990,si,6
2026-09-20,16:04:07,airsoftgames,Funda molle tornado Zurdo negro (TOB),https://airsoftgames.cl/producto/funda-molle-tornado-zurdo-negro/,6990,6990,si,3
2026-09-20,16:04:07,airsoftgames,Funda molle tornado Zurdo verde (TOB),https://airsoftgames.cl/producto/funda-molle-tornado-zurdo-verde/,6990,6990,si,2
2026-09-20,16:04:07,airsoftgames,Pouch doble m4 VERDE (TOB),https://airsoftgames.cl/producto/pouch-doble-m4-verde/,7990,7990,si,7
2026-09-20,16:04:07,airsoftgames,Pouch doble m4 NEGRO (TOB),https://airsoftgames.cl/producto/pouch-doble-m4-negro/,7990,7990,si,3
2026-09-20,16:04:07,airsoftgames,Pouch doble m4 MC (TOB),https://airsoftgames.cl/producto/pouch-doble-m4-mc/,7990,7990,si,1
2026-09-20,16:04:07,airsoftgames,Pouch doble m4 ACU (TOB),https://airsoftgames.cl/producto/pouch-doble-m4-acu/,7990,7990,si,10
2026-09-20,16:04:07,airsoftgames,Pouch radio chico desert digital (TOB),https://airsoftgames.cl/producto/pouch-radio-chico-desert-digital/,3990,3990,si,2
2026-09-20,16:04:07,airsoftgames,Pouch radio chico mc (TOB),https://airsoftgames.cl/producto/pouch-radio-chico-mc/,3990,3990,si,3
2026-09-20,16:04:07,airsoftgames,Pouch radio chico marpat (TOB),https://airsoftgames.cl/producto/pouch-radio-chico-marpat/,3990,3990,si,8
2026-09-20,16:04:07,airsoftgames,Piernera   mc (TOB),https://airsoftgames.cl/producto/piernera-mc/,11990,11990,si,1
2026-09-20,16:04:07,airsoftgames,Piernera   verde (TOB),https://airsoftgames.cl/producto/piernera-verde/,11990,11990,si,5
2026-09-20,16:04:07,airsoftgames,Piernera Zurdo acu (TOB),https://airsoftgames.cl/producto/piernera-zurdo-acu/,11990,11990,si,2
2026-09-20,16:04:07,airsoftgames,Piernera Zurdo negro (TOB),https://airsoftgames.cl/producto/piernera-zurdo-negro/,11990,11990,si,4
2026-09-20,16:04:07,airsoftgames,Piernera Zurdo marpat (TOB),https://airsoftgames.cl/producto/piernera-zurdo-marpat/,11990,11990,si,1
2026-09-20,16:04:07,airsoftgames,Piernera Zurdo tan (TOB),https://airsoftgames.cl/producto/piernera-zurdo-tan/,11990,11990,si,5
2026-09-20,16:04:07,airsoftgames,Piernera Zurdo verde (TOB),https://airsoftgames.cl/producto/piernera-zurdo-verde/,11990,11990,si,4
2026-09-20,16:04:07,airsoftgames,Piernera Zurdo MC (TOB),https://airsoftgames.cl/producto/piernera-zurdo-mc/,11990,11990,si,9
2026-09-20,16:04:07,airsoftgames,Pouch triple m4/AK  tan (TOB),https://airsoftgames.cl/producto/pouch-triple-m4-ak-tan/,14990,14990,si,7
2026-09-20,16:04:07,airsoftgames,Pouch triple m4/AK  verde (TOB),https://airsoftgames.cl/producto/pouch-triple-m4-ak-verde/,14990,14990,si,4
2026-09-20,16:04:07,airsoftgames,Pouch triple  m4/AK  negro (TOB),https://airsoftgames.cl/producto/pouch-triple-m4-ak-negro/,14990,14990,si,4
2026-09-20,16:04:07,airsoftgames,Pouch triple m4/AK mc (TOB),https://airsoftgames.cl/producto/pouch-triple-m4-ak-mc/,14990,14990,si,9
2026-09-20,16:04:07,airsoftgames,Pouch radio negro (TOB),https://airsoftgames.cl/producto/pouch-radio-negro/,7500,7500,si,5
2026-09-20,16:04:07,airsoftgames,Pouch radio mc (TOB9,https://airsoftgames.cl/producto/pouch-radio-mc/,7500,7500,si,6
2026-09-20,16:04:07,airsoftgames,Pouch simple m4 mc (TOB),https://airsoftgames.cl/producto/pouch-simple-m4-mc/,4990,4990,si,3
2026-09-20,16:04:07,airsoftgames,Pouch simple m4 negro (TOB),https://airsoftgames.cl/producto/pouch-simple-m4-negro/,4990,4990,si,5
2026-09-20,16:04:07,airsoftgames,Pouch simple m4 verde (TOB),https://airsoftgames.cl/producto/pouch-simple-m4-verde/,4990,4990,si,3
2026-09-20,16:04:07,airsoftgames,Pouch simple m4 acu (TOB),https://airsoftgames.cl/producto/pouch-simple-m4-acu/,4990,4990,si,10
2026-09-20,16:04:07,airsoftgames,Pouch doble m4 EMERSON negro(elástico) (TOB),https://airsoftgames.cl/producto/pouch-doble-m4-emerson-negro-elstico/,8990,8990,si,1
2026-09-20,16:04:07,airsoftgames,Pouch doble m4 EMERSON tan (elástico) (TOB),https://airsoftgames.cl/producto/pouch-doble-m4-emerson-tan-elstico/,8990,8990,si,5
2026-09-20,16:04:07,airsoftgames,Primera linea marpat 2xl- 3xl (TOB),https://airsoftgames.cl/producto/primera-linea-marpat-2xl-3xl/,16990,16990,si,3
2026-09-20,16:04:07,airsoftgames,Primera linea verde  l-xl (TOB),https://airsoftgames.cl/producto/primera-linea-verde-l-xl/,16990,16990,si,5
2026-09-20,16:04:07,airsoftgames,Primera linea tan l-xl (TOB),https://airsoftgames.cl/producto/primera-linea-tan-l-xl/,16990,16990,si,1
2026-09-20,16:04:07,airsoftgames,Recovery Krytek typhon black (TOB),https://airsoftgames.cl/producto/recovery-krytek-typhon-black/,5000,5000,si,1
2026-09-20,16:04:07,airsoftgames,Piernera subfusil acu (TOB),https://airsoftgames.cl/producto/piernera-mp7-acu/,16990,16990,si,1
2026-09-20,16:04:07,airsoftgames,Piernera subfusil mc (TOB),https://airsoftgames.cl/producto/piernera-mp7-mc/,16990,16990,si,15
2026-09-20,16:04:07,airsoftgames,Piernera subfusil negra (TOB),https://airsoftgames.cl/producto/piernera-mp7-negra/,16990,16990,si,1
2026-09-20,16:04:07,airsoftgames,Piernera subfusil tan (TOB),https://airsoftgames.cl/producto/piernera-mp7-tan/,16990,16990,si,13
2026-09-20,16:04:07,airsoftgames,Porta cartuchos escopeta molle NEGRO (TOB),https://airsoftgames.cl/producto/porta-cartuchos-escopeta-molle-negro/,9990,9990,si,1
2026-09-20,16:04:07,airsoftgames,Porta cartuchos escopeta molle mc (TOB),https://airsoftgames.cl/producto/porta-cartuchos-escopeta-molle-mc/,9990,9990,si,2
2026-09-20,16:04:07,airsoftgames,Porta cartuchos escopeta molle verde (TOB),https://airsoftgames.cl/producto/porta-cartuchos-escopeta-molle-verde/,9990,9990,si,4
2026-09-20,16:04:07,airsoftgames,Funda pistola molle DESERT DIGITAL zurdo (TOB),https://airsoftgames.cl/producto/funda-pistola-molle-desert-digital-zurdo/,6990,6990,si,2
2026-09-20,16:04:07,airsoftgames,Funda pistola molle marpat zurdo (TOB),https://airsoftgames.cl/producto/funda-pistola-molle-marpat-zurdo/,6990,6990,si,1
2026-09-20,16:04:07,airsoftgames,Funda pistola molle negro zurdo (TOB),https://airsoftgames.cl/producto/funda-pistola-molle-negro-zurdo/,6990,6990,si,1
2026-09-20,16:04:07,airsoftgames,Funda pistola molle MC zurdo (TOB),https://airsoftgames.cl/producto/funda-pistola-molle-mc-zurdo/,6990,6990,si,1
2026-09-20,16:04:07,airsoftgames,Funda pistola molle ACU zurdo (TOB),https://airsoftgames.cl/producto/funda-pistola-molle-acu-zurdo/,6990,6990,si,2
2026-09-20,16:04:07,airsoftgames,Funda pistola molle ACU (TOB),https://airsoftgames.cl/producto/funda-pistola-molle-acu/,6990,6990,si,5
2026-09-20,16:04:07,airsoftgames,Resorte M140 Specna Arms,https://airsoftgames.cl/producto/m-140-specna/,8990,8990,si,2
2026-09-20,16:04:07,airsoftgames,GATE USB-Link + USB cable (sin envoltura),https://airsoftgames.cl/producto/gate-usb-link-usb-cable-sin-envoltura/,34990,34990,si,1
2026-09-20,16:04:07,airsoftgames,Llave para ajustes M4  FMA,https://airsoftgames.cl/producto/llave-para-ajustes-m4-fma/,11990,11990,si,1
2026-09-20,16:04:07,airsoftgames,Mochila táctica molle Tan 40 litros,https://airsoftgames.cl/producto/mochila-tctica-molle-tan-40-litros/,14990,18990,si,1
2026-09-20,16:04:07,airsoftgames,Mochila táctica molle negra 40 litros,https://airsoftgames.cl/producto/mochila-tctica-molle-negtra-40-litros/,14990,18990,si,2
2026-09-20,16:04:07,airsoftgames,Bipode Harris ajustable metálico,https://airsoftgames.cl/producto/bipode-harris-ajustable-metlico/,17990,17990,si,1
2026-09-20,16:04:07,airsoftgames,Soporte de teléfono táctico chaleco universal negro,https://airsoftgames.cl/producto/soporte-de-telfono-tctico-chaleco-universal-negro/,12990,12990,si,3
2026-09-20,16:04:07,airsoftgames,Muslera Tornado Negra,https://airsoftgames.cl/producto/muslera-tornado-negra/,8990,8990,si,2
2026-09-20,16:04:07,airsoftgames,Muslera tornado Tan,https://airsoftgames.cl/producto/muslera-tornado-tan/,8990,8990,si,2
2026-09-20,16:04:07,airsoftgames,Tappet plate V3 AK Specna  Arms,https://airsoftgames.cl/producto/tappet-plate-v3-ak-specna-arms/,7990,7990,si,1
2026-09-20,16:04:07,airsoftgames,Cabeza de pistón metálica SA azul,https://airsoftgames.cl/producto/cabeza-de-pistn-metlica-sa-azul/,13990,13990,si,3
2026-09-20,16:04:07,airsoftgames,T-Connect plug set Element,https://airsoftgames.cl/producto/t-connect-plug-set/,3990,3990,si,4
2026-09-20,16:04:07,airsoftgames,2021 SuperMacaron / SuperSilicone 80° Hop-Up Bucking for AEG replicas,https://airsoftgames.cl/producto/2021-supermacaron-supersilicone-80-hop-up-bucking-for-aeg-replicas/,13990,13990,si,2
2026-09-20,16:04:07,airsoftgames,Super Macaron HU bucking 70° AEG – blue,https://airsoftgames.cl/producto/super-macaron-hu-bucking-70-aeg-blue/,14990,14990,si,1
2026-09-20,16:04:07,airsoftgames,Cargador Specna Arms para baterías Li-Po/Li-Ion,https://airsoftgames.cl/producto/cargador-specna-arms-para-bateras-li-po-li-ion/,26990,26990,si,2
2026-09-20,16:04:07,airsoftgames,Hop-Up Eraser T.N.T. TL-HOP 60° for AEG replicas,https://airsoftgames.cl/producto/hop-up-eraser-t-n-t-tl-hop-60-for-aeg-replicas/,34990,34990,si,2
2026-09-20,16:04:07,airsoftgames,Extensión de cañón externa ACM 100×19 mm,https://airsoftgames.cl/producto/extensin-de-can-externa-acm-100x19-mm/,8990,8990,si,1
2026-09-20,16:04:07,airsoftgames,Resorte de la palanca de carga para la serie M4,https://airsoftgames.cl/producto/resorte-de-la-palanca-de-carga-para-la-serie-m4/,3990,3990,si,2
2026-09-20,16:04:07,airsoftgames,Low-Cap 20 BB Magazine for Specna Arms Sniper Rifle Replicas,https://airsoftgames.cl/producto/low-cap-20-bb-magazine-for-specna-arms-sniper-rifle-replicas/,9990,9990,si,2
2026-09-20,16:04:07,airsoftgames,Grip bípode  – tan,https://airsoftgames.cl/producto/tactical-handle-with-bipod-tan/,12990,12990,si,3
2026-09-20,16:04:07,airsoftgames,Guía de resorte de polímero QD Specna Arms,https://airsoftgames.cl/producto/gua-de-resorte-de-polmero-qd-specna-arms/,7990,7990,si,1
2026-09-20,16:04:07,airsoftgames,Blanco de 50 m  deportiva KSP – 100 unidades,https://airsoftgames.cl/producto/blanco-de-50-m-deportiva-ksp-100-unidades/,7990,7990,si,2
2026-09-20,16:04:07,airsoftgames,Specna Arms set of 6 shells 30 BBs for VAPOR™ shotguns,https://airsoftgames.cl/producto/specna-arms-set-of-6-shells-30-bbs-for-vapor-shotguns/,19990,19990,si,4
2026-09-20,16:04:07,airsoftgames,Gatillo electrónico HAL Specna arms V3,https://airsoftgames.cl/producto/gatillo-electrnico-hal-specna-arms-v3/,59990,59990,si,2
2026-09-20,16:04:07,airsoftgames,Bolso de transporte baterías lipo Specna A,https://airsoftgames.cl/producto/bolso-de-transporte-bateras-lipo-specna-a/,6990,6990,si,2
2026-09-20,16:04:07,airsoftgames,Pistol grip m4 Specna arms,https://airsoftgames.cl/producto/pistol-grip-m4-specna-arms/,17990,17990,si,1
2026-09-20,16:04:07,airsoftgames,Tapa protectora lateral m4,https://airsoftgames.cl/producto/tapa-protectora-lateral-m4/,5990,5990,si,1
2026-09-20,16:04:07,airsoftgames,M-LOK bolt kit (steel version),https://airsoftgames.cl/producto/m-lok-bolt-kit-steel-version/,6990,6990,si,1
2026-09-20,16:04:07,airsoftgames,Lower body for AR15 PRIME™ replicas Specna Arms,https://airsoftgames.cl/producto/lower-body-for-ar15-prime-replicas-specna-arms/,49990,49990,si,2
2026-09-20,16:04:07,airsoftgames,Cubre rieles set – dark earth,https://airsoftgames.cl/producto/set-of-ris-rail-covering-panels-dark-earth/,8990,8990,si,2
2026-09-20,16:04:07,airsoftgames,Cubre rieles set- black,https://airsoftgames.cl/producto/set-of-ris-rail-covering-panels-black/,8990,8990,si,2
2026-09-20,16:04:07,airsoftgames,Speed loader tipo mag m4 Specna A,https://airsoftgames.cl/producto/speed-loader-tipo-mag-m4-specna-a/,9990,9990,si,1
2026-09-20,16:04:07,airsoftgames,60 x 22mm Cubre rieles clips – DE,https://airsoftgames.cl/producto/60-x-22mm-ris-rail-clips-de/,8990,8990,si,2
2026-09-20,16:04:07,airsoftgames,Lentes PYRAMEX Venture 3 (cristal oscuro),https://airsoftgames.cl/producto/lentes-pyramex-venture-3-cristal-oscuro/,11990,11990,si,2
2026-09-20,16:04:07,airsoftgames,60 x 22mm Cubre rieles clips – BK,https://airsoftgames.cl/producto/60-x-22mm-ris-rail-clips-bk/,8990,8990,si,2
2026-09-20,16:04:07,airsoftgames,Lentes PYRAMEX Rendezvous (cristal transparente),https://airsoftgames.cl/producto/lentes-pyramex-rendezvous-cristal-transparente/,11990,11990,si,5
2026-09-20,16:04:07,airsoftgames,Cargador de tambor Specna Arms de 850 rds para réplicas de la serie X – Negro,https://airsoftgames.cl/producto/cargador-de-tambor-specna-arms-de-850-rds-para-rplicas-de-la-serie-x-negro/,89990,89990,si,1
2026-09-20,16:04:07,airsoftgames,Grip corto TD con montura riel picatinny – dark earth,https://airsoftgames.cl/producto/td-short-forward-grip-with-qd-mount-for-ris-rail-dark-earth/,15990,15990,si,1
2026-09-20,16:04:07,airsoftgames,Specna Arms lips para  magazine Hi-Capa  Vapor,https://airsoftgames.cl/producto/specna-arms-lips-para-magazine-hi-capa-vapor/,2990,2990,si,1
2026-09-20,16:04:07,airsoftgames,Grip TD RIS Vertical  – Black FMA,https://airsoftgames.cl/producto/td-ris-vertical-tactical-forward-grip-black/,7990,7990,si,3
2026-09-20,16:04:07,airsoftgames,M90 Specna Arms largo,https://airsoftgames.cl/producto/m90-specna-arms-largo/,6990,6990,si,1
2026-09-20,16:04:07,airsoftgames,Grip TD RIS Vertical Tactical – Foliage Green,https://airsoftgames.cl/producto/td-ris-vertical-tactical-forward-grip-foliage-green/,7990,7990,si,2
2026-09-20,16:04:07,airsoftgames,Peq porta batería tan FMA,https://airsoftgames.cl/producto/peq-porta-batera-tan-fma/,11990,11990,si,1
2026-09-20,16:04:07,airsoftgames,Montura linterna AK Cyma,https://airsoftgames.cl/producto/montura-linterna-ak-cyma/,6990,6990,si,1
2026-09-20,16:04:07,airsoftgames,Supresor Tracer Specna Arms x AceTech Blaster SA-AK v1 negro,https://airsoftgames.cl/producto/supresor-tracer-specna-arms-x-acetech-blaster-sa-ak-v1-negro/,99990,99990,si,1
2026-09-20,16:04:07,airsoftgames,Supresor Tracer Specna Arms x AceTech Blaster SA-AK v2 negro,https://airsoftgames.cl/producto/supresor-tracer-specna-arms-x-acetech-blaster-sa-ak-v2-negro/,99990,99990,si,1
2026-09-20,16:04:07,airsoftgames,Montura óptica Specna Arms CORE™ de 25 mm corta,https://airsoftgames.cl/producto/montura-ptica-specna-arms-core-de-25-mm-corta/,9990,9990,si,1
2026-09-20,16:04:07,airsoftgames,Montura óptica Specna Arms CORE™ de 19 mm de longitud,https://airsoftgames.cl/producto/montura-ptica-specna-arms-core-de-19-mm-de-longitud/,9990,9990,si,1
2026-09-20,16:04:07,airsoftgames,Fijación de correa tipo QD FMA,https://airsoftgames.cl/producto/fijacin-de-correa-tipo-qd-fma/,6990,6990,si,3
2026-09-20,16:04:07,airsoftgames,Montura de linterna FMA,https://airsoftgames.cl/producto/montura-de-linterna-fma/,10990,10990,si,2
2026-09-20,16:04:07,airsoftgames,Upper Receiver for AR15 Replicas Specna Arms CORE™,https://airsoftgames.cl/producto/upper-receiver-for-ar15-replicas-specna-arms-core/,16990,16990,si,1
2026-09-20,16:04:07,airsoftgames,Adaptador G36 para mag m4 Golden Eagle,https://airsoftgames.cl/producto/adaptador-g36-para-mag-m4-golden-eagle/,9990,9990,si,1
2026-09-20,16:04:07,airsoftgames,Selector de tiro externo M4 Specna arms,https://airsoftgames.cl/producto/selector-de-tiro-externo-m4-specna-arms/,6990,6990,no,N/A
2026-09-20,16:04:07,airsoftgames,Set de engranajes 18:1 Specna Arms s/delayer,https://airsoftgames.cl/producto/set-de-engranajes-18-1-specna-arms-s-delayer/,18990,18990,si,2
2026-09-20,16:04:07,airsoftgames,Engranajes 16:1 CNC Specna arms,https://airsoftgames.cl/producto/engranajes-16-1-cnc-specna-arms-2/,29990,29990,no,N/A
2026-09-20,16:04:07,airsoftgames,Engranajes 16:1 CNC Specna Arms,https://airsoftgames.cl/producto/engranajes-16-1-cnc-specna-arms/,29990,29990,si,1
2026-09-20,16:04:07,airsoftgames,Chamber TDC AK Specna arms,https://airsoftgames.cl/producto/chamber-tdc-ak-specna-arms/,16990,16990,si,2
2026-09-20,16:04:07,airsoftgames,SHS SWITCH V3,https://airsoftgames.cl/producto/shs-switch-v3/,7990,7990,si,1
2026-09-20,16:04:07,airsoftgames,Adaptador de Deans a mini tamiya Specna arms,https://airsoftgames.cl/producto/adaptador-de-deans-a-mini-tamiya-specna-arms/,4990,4990,si,11
2026-09-20,16:04:07,airsoftgames,Culata Specna Arms Light Ops Olive,https://airsoftgames.cl/producto/specna-arms-light-ops-stock-olive/,44990,44990,si,1
2026-09-20,16:04:07,airsoftgames,Set rieles Mlok Specna arms polimero (3unid),https://airsoftgames.cl/producto/set-rieles-mlok-specna-arms-polimero-3unid/,10990,10990,si,2
2026-09-20,16:04:07,airsoftgames,Culata Specna Arms Heavy Ops  for M4/M16 replicas Olive,https://airsoftgames.cl/producto/specna-arms-heavy-ops-stock-stock-for-m4-m16-replicas-olive/,49990,49990,si,2
2026-09-20,16:04:07,airsoftgames,Selector plate M4 Specna Arms,https://airsoftgames.cl/producto/selector-plate-m4-specna-arms/,4990,4990,si,1
2026-09-20,16:04:07,airsoftgames,Goma hop up 70º Specna arms AEG,https://airsoftgames.cl/producto/goma-hop-up-70-specna-arms-aeg/,6990,6990,si,1
2026-09-20,16:04:07,airsoftgames,MIDCAP METAL AK CYMA,https://airsoftgames.cl/producto/midcap-metal-ak-cyma/,12990,12990,si,2
2026-09-20,16:04:07,airsoftgames,Nozzle metálico Azul Specna arms,https://airsoftgames.cl/producto/nozzle-metlico-azul-specna-arms/,4990,4990,si,3
2026-09-20,16:04:07,airsoftgames,CHEST RIG GFC OD,https://airsoftgames.cl/producto/chest-rig-gfc-od/,23990,23990,si,1
2026-09-20,16:04:07,airsoftgames,M4 Modelo Specna FX01 FLEX Gatillo electrónico HAL Gen2,https://airsoftgames.cl/producto/m4-modelo-specna-fx01-flex-gatillo-electrnico-hal-gen2/,159990,159990,si,1
2026-09-20,16:04:07,airsoftgames,Modelo M4 Flex F01 ETU Gen2  (Gatillo electrónico),https://airsoftgames.cl/producto/modelo-m4-flex-f01-etu-gen2-ht-2/,154990,154990,si,2
2026-09-20,16:04:07,airsoftgames,Replica m4 Specna Modelo F03 L ETU (gatillo electrónico polaco) color negro,https://airsoftgames.cl/producto/replica-m4-specna-modelo-f03-l-etu-gatillo-electrnico-polaco-color-negro/,154990,154990,si,1
2026-09-20,16:04:07,airsoftgames,Replica m4 Specna Modelo F02 ETU (gatillo electrónico polaco) color HT,https://airsoftgames.cl/producto/replica-m4-specna-modelo-f02-etu-gatillo-electrnico-polaco-color-ht/,154990,154990,si,1
2026-09-20,16:04:07,airsoftgames,Replica m4 Specna Modelo F02 ETU (gatillo electrónico polaco) color negro,https://airsoftgames.cl/producto/replica-m4-specna-modelo-f02-etu-gatillo-electrnico-polaco-color-negro/,154990,154990,si,1
2026-09-20,16:04:07,airsoftgames,Modelo M4 Flex F03 L ETU Gen2 HT,https://airsoftgames.cl/producto/modelo-m4-flex-f03-l-etu-gen2/,154990,154990,si,2
2026-09-20,16:04:07,airsoftgames,Modelo M4 Flex F01 ETU Gen2 HT(Gatillo electrónico),https://airsoftgames.cl/producto/modelo-m4-flex-f01-etu-gen2-ht/,154990,154990,si,1
2026-09-20,16:04:07,airsoftgames,SA-E27 GEN.2 HAL2,https://airsoftgames.cl/producto/sa-e27-gen-2-hal2/,319990,319990,si,2
2026-09-20,16:04:07,airsoftgames,SA-E20 GEN.2 HAL2 CHAOS BRONZE,https://airsoftgames.cl/producto/sa-e20-gen-2-hal2-chaos-bronze/,309990,309990,si,3
2026-09-20,16:04:07,airsoftgames,SA-F249 PARA FLEX X-ASR,https://airsoftgames.cl/producto/sa-f249-para-flex-x-asr/,349990,349990,si,1
2026-09-20,16:04:07,airsoftgames,mid cap gyg 105 rds gyg,https://airsoftgames.cl/producto/mid-cap-gyg-105-rds-gyg/,7990,7990,si,3
2026-09-20,16:04:07,airsoftgames,GUANTE GENERICO TAN SIN DEDO XL,https://airsoftgames.cl/producto/guante-generico-tan-sin-dedo-xl/,5990,5990,si,1
2026-09-20,16:04:07,airsoftgames,WOSPORT Pouch Shell Escopeta Negro,https://airsoftgames.cl/producto/wosport-pouch-shell-escopeta-negro/,17990,17990,si,2
2026-09-20,16:04:07,airsoftgames,HI CAP M4 TAN METAL 300RDS,https://airsoftgames.cl/producto/hi-cap-m4-tan-metal-300rds/,7990,7990,si,17
2026-09-20,16:04:07,airsoftgames,KP-13C TBC Green gas KJW with thread barrel & cap,https://airsoftgames.cl/producto/kp-13c-tbc-green-gas-kjw-with-thread-barrel-cap/,149990,149990,si,1
2026-09-20,16:04:07,airsoftgames,GUANTE GENERICO BLACK TALLA XL,https://airsoftgames.cl/producto/guante-generico-black-talla-xl/,7990,7990,si,3
2026-09-20,16:04:07,airsoftgames,Coderas negras tipo X,https://airsoftgames.cl/producto/coderas/,7990,7990,si,3
2026-09-20,16:04:07,airsoftgames,Correa pistola amomax,https://airsoftgames.cl/producto/correa-pistola-amomax/,13990,13990,si,4
2026-09-20,16:04:07,airsoftgames,Modelo M4 SA-C03 HAL ETU GEN.2 BLK (Gatillo electrónico),https://airsoftgames.cl/producto/sa-c03-hal-etu-gen-2-blk/,169990,169990,si,2
2026-09-20,16:04:07,airsoftgames,Kit AK Core J76 Specna Arms Gen2,https://airsoftgames.cl/producto/kit-ak-core-j76-specna-arms-gen2/,196000,196000,si,2
2026-09-20,16:04:07,airsoftgames,CORREA 2 PUNTAS BLACK MAGPUL,https://airsoftgames.cl/producto/correa-2-puntas-black-magpul/,6990,6990,si,1
2026-09-20,16:04:07,airsoftgames,CORREA 1 PUNTA BLACK QD,https://airsoftgames.cl/producto/correa-1-punta-black-qd/,6990,6990,si,2
2026-09-20,16:04:07,airsoftgames,GUANTE GENERICO TAN SIN DEDO M,https://airsoftgames.cl/producto/guante-generico-tan-sin-dedo-m/,5990,5990,si,3
2026-09-20,16:04:07,airsoftgames,CORREA PISTOLA GENERICA BLK,https://airsoftgames.cl/producto/correa-pistola-generica-blk/,4990,4990,si,1
2026-09-20,16:04:07,airsoftgames,GUANTE GENERICO BLACK TALLA L,https://airsoftgames.cl/producto/guante-generico-black-talla-l/,7990,7990,si,3
2026-09-20,16:04:07,airsoftgames,GUANTE GENERICO BLACK TALLA M,https://airsoftgames.cl/producto/guante-generico-black-talla-m/,7990,7990,no,N/A
2026-09-20,16:04:07,airsoftgames,CORREA 1 PUNTA C/GANCHO BLK,https://airsoftgames.cl/producto/correa-1-punta-c-gancho-blk/,6990,6990,si,4
2026-09-20,16:04:07,airsoftgames,M4 Modelo FLEX F03 GATE X-ASR  HT (Mosfet Gate Polaco)  Gen.2,https://airsoftgames.cl/producto/m4-modelo-flex-f03-gate-x-asr-ht-mosfet-gate-polaco-gen-2/,139990,139990,si,3
2026-09-20,16:04:07,airsoftgames,Mid-cap para X-Series 100rd BLK,https://airsoftgames.cl/producto/mid-cap-para-x-series-100rd-blk/,9990,9990,si,7
2026-09-20,16:04:07,airsoftgames,SWITCH V2 AZUL CYMA (color azul),https://airsoftgames.cl/producto/switch-v2-azul-cyma/,6990,6990,si,7
2026-09-20,16:04:07,airsoftgames,ENGRANAJES SPECNA 18:1 S/DELAYER(original de fàbrica),https://airsoftgames.cl/producto/engranes-specna-18-1-s-delayer/,15990,15990,si,1
2026-09-20,16:04:07,airsoftgames,CODERAS X OD,https://airsoftgames.cl/producto/coderas-x-od/,6990,6990,si,1
2026-09-20,16:04:07,airsoftgames,SHEMAG VALKEN AZUL,https://airsoftgames.cl/producto/shemag-valken-azul/,9990,9990,si,1
2026-09-20,16:04:07,airsoftgames,LINTERNA THETA TT45,https://airsoftgames.cl/producto/linterna-theta-tt45/,80000,80000,si,1
2026-09-20,16:04:07,airsoftgames,LINTERNA CASCO MPLS BLK,https://airsoftgames.cl/producto/linterna-casco-blk/,21990,21990,si,1
2026-09-20,16:04:07,airsoftgames,LINTERNA A76 GENERICA,https://airsoftgames.cl/producto/linterna-a76-generica/,5990,5990,si,3
2026-09-20,16:04:07,airsoftgames,LINTERNA LED RECARGABLE USB,https://airsoftgames.cl/producto/linterna-led-recargable-usb-2/,16990,16990,si,6
2026-09-20,16:04:07,airsoftgames,Linterna LED recargable por USB (Set),https://airsoftgames.cl/producto/linterna-led-recargable-por-usb-set-2/,24990,24990,si,4
2026-09-20,16:04:07,airsoftgames,MIDCAP MP5 100RDS GENERICO (no compatible cyma),https://airsoftgames.cl/producto/midcap-mp5-100rds-generico-no-compatible-cyma/,9990,9990,si,2
2026-09-20,16:04:07,airsoftgames,Mira plástica frontal m4 Specna arms,https://airsoftgames.cl/producto/mira-plastica-frontal-m4/,8990,8990,si,1
2026-09-20,16:04:07,airsoftgames,Resorte Specna arms M120 regular,https://airsoftgames.cl/producto/m120-regular/,7990,7990,si,1
2026-09-20,16:04:07,airsoftgames,Goma hop up Silverback flat hop 60°,https://airsoftgames.cl/producto/goma-hop-up-silverback-flat-hop-60/,10990,10990,si,2
2026-09-20,16:04:07,airsoftgames,BATERIA LIPO GENERICA 11.1 1300MAH,https://airsoftgames.cl/producto/bateria-lipo-generica-11-1-1300mah/,21990,21990,si,3
2026-09-20,16:04:07,airsoftgames,SET CODERAS Y RODILLERAS BLK,https://airsoftgames.cl/producto/seto-coderas-y-rodilleras-blk/,9990,9990,si,2
2026-09-20,16:04:07,airsoftgames,TORNIQUETE BLK,https://airsoftgames.cl/producto/torniquete-blk/,4990,4990,si,8
2026-09-20,16:04:07,airsoftgames,CINTURON BLK HEBILLA COBRA,https://airsoftgames.cl/producto/cinturon-blk-ebilla-cobra/,4990,4990,si,2
2026-09-20,16:04:07,airsoftgames,CINTURON TAN HEBILLA COBRA,https://airsoftgames.cl/producto/cinturon-tan-ebilla-cobra/,4990,4990,si,3
2026-09-20,16:04:07,airsoftgames,Cargador de pilas 18650,https://airsoftgames.cl/producto/cargador-de-pila-18650/,9990,9990,si,4
2026-09-20,16:04:07,airsoftgames,Pilas CR123 recargables (2 unid),https://airsoftgames.cl/producto/pilas-cr123-recargables-2-unid/,5500,5500,si,19
2026-09-20,16:04:07,airsoftgames,CHALECO CIRAS TAN,https://airsoftgames.cl/producto/chaleco-ciras-tan/,34990,34990,no,N/A
2026-09-20,16:04:07,airsoftgames,CHALECO FSBE TAN,https://airsoftgames.cl/producto/chaleco-fsv-tan/,39990,39990,si,1
2026-09-20,16:04:07,airsoftgames,PREMIUM GAS WALTHER 750ML,https://airsoftgames.cl/producto/premium-gas-walther-750ml/,11990,11990,si,36
2026-09-20,16:04:07,airsoftgames,Tactical hood – Black,https://airsoftgames.cl/producto/tactical-hood-black/,14990,14990,si,1
2026-09-20,16:04:07,airsoftgames,LINTERNA CASCO TAN,https://airsoftgames.cl/producto/linterna-casco-tan/,21990,21990,si,2
2026-09-20,16:04:07,airsoftgames,Argolla culata  AC-310 Replicas de Gas,https://airsoftgames.cl/producto/argolla-culata-ac-310/,7990,7990,si,2
2026-09-20,16:04:07,airsoftgames,Action Army AAP01 FDE,https://airsoftgames.cl/producto/action-army-aap01-fde/,119990,119990,si,2
2026-09-20,16:04:07,airsoftgames,UNIFORME MC XXXL (CHINO) Rodilleras y coderas Tan,https://airsoftgames.cl/producto/uniforme-mc-xxxl-chino-rodilleras-y-coderas-tan/,47000,47000,si,1
2026-09-20,16:04:07,airsoftgames,UNIFORME MC XXL (CHINO) Rodilleras y coderas Tan,https://airsoftgames.cl/producto/uniforme-mc-xxl-chino-rodilleras-y-coderas-tan/,47000,47000,si,1
2026-09-20,16:04:07,airsoftgames,UNIFORME MC XXXL (CHINA) Rodilleras y coderas Verdes,https://airsoftgames.cl/producto/tenida-mc-xxxl-china/,47000,47000,si,1
2026-09-20,16:04:07,airsoftgames,UNIFORME MC XXL (CHINA) Rodilleras y coderas Verdes,https://airsoftgames.cl/producto/tenida-mc-xxl-china/,47000,47000,si,1
2026-09-20,16:04:07,airsoftgames,Pistola Curve Tokio Marui,https://airsoftgames.cl/producto/pistola-curve-tokio-marui/,124990,124990,si,1
2026-09-20,16:04:07,airsoftgames,BALACLAVA TAN CON MALLA METALICA,https://airsoftgames.cl/producto/balaclava-tan-con-malla-metalica/,17990,17990,si,2
2026-09-20,16:04:07,airsoftgames,MIRA HOLO SIGHT 552,https://airsoftgames.cl/producto/mira-holo-sight-552/,64990,64990,si,1
2026-09-20,16:04:07,airsoftgames,Grip BCM multi montura TAN,https://airsoftgames.cl/producto/grip-multi-montura-tan/,20990,20990,si,2
2026-09-20,16:04:07,airsoftgames,HOLSTER COMPETICION PARA GLOCK,https://airsoftgames.cl/producto/holster-competicion-para-glock/,21990,21990,si,2
2026-09-20,16:04:07,airsoftgames,BALINES BLS 0.50 1000RDS Gris,https://airsoftgames.cl/producto/balines-bls-0-50-1000rds/,25990,25990,si,5
2026-09-20,16:04:07,airsoftgames,Balines 0.25g BLS Trazadores Verdes BLS 2000 rondas,https://airsoftgames.cl/producto/balines-0-25g-bls-trazadores-verdes-bls-2000-rondas/,11990,11990,no,N/A
2026-09-20,16:04:07,airsoftgames,Resorte (Muelle) M110 Corto E&L,https://airsoftgames.cl/producto/resorte-muelle-m110-corto-e-l/,7990,7990,si,12
2026-09-20,16:04:07,airsoftgames,Peq 16 negro dummy porta batería,https://airsoftgames.cl/producto/peq-16-negro-dummy/,24990,24990,si,4
2026-09-20,16:04:07,airsoftgames,pieza chamber specna,https://airsoftgames.cl/producto/pieza-chamber-specna/,1500,1500,si,10
2026-09-20,16:04:07,airsoftgames,Magazine Tokio marui Boniguard 380 GG,https://airsoftgames.cl/producto/magazine-tokio-marui-boniguard-380-gg/,39990,39990,si,2
2026-09-20,16:04:07,airsoftgames,Mira M9 LS3- 10x42e con láser rojo,https://airsoftgames.cl/producto/mira-m9-ls3-10x42e-sin-lser/,59990,59990,si,1
2026-09-20,16:04:07,airsoftgames,Red Dot 1x42eg Js Tactical,https://airsoftgames.cl/producto/red-dot-1x42eg-js-tactical/,59990,59990,si,1
2026-09-20,16:04:07,airsoftgames,Mira JS-tactical punto rojo 30mm,https://airsoftgames.cl/producto/lente-js-tactical-punto-rojo-30mm-negro/,54990,54990,si,1
2026-09-20,16:04:07,airsoftgames,HI CAP SMAG BLK AK (CAJA INDIVIDUAL),https://airsoftgames.cl/producto/hi-cap-smag-blk-ak-caja-individual/,9990,9990,si,7
2026-09-20,16:04:07,airsoftgames,BOLSO PORTA REPLICA 98CM TAN,https://airsoftgames.cl/producto/bolsa-porta-replica-98cm-tan/,29990,29990,si,10
2026-09-20,16:04:07,airsoftgames,Bolso Tan V2 – 84cm,https://airsoftgames.cl/producto/gun-bag-v2-84cm-tan/,34990,34990,si,2
2026-09-20,16:04:07,airsoftgames,Buffer Tube  POLIMERO CORE™,https://airsoftgames.cl/producto/buffer-tube-polimero-core/,7990,7990,si,8
2026-09-20,16:04:07,airsoftgames,REPUESTO PARA PALANCA PREPARADORA PARA M4 SPECNA,https://airsoftgames.cl/producto/repuesto-para-palanca-preparadora-para-m4-specna/,3990,3990,no,N/A
2026-09-20,16:04:07,airsoftgames,CHAMBER HOP UP V3 METAL SERIE J SPECNA,https://airsoftgames.cl/producto/chamber-hop-up-v3-metal-serie-j-specna/,12990,12990,si,2
2026-09-20,16:04:07,airsoftgames,Modelo M4 F07 Flex Gatillo electrónico HAL Gen 2,https://airsoftgames.cl/producto/modelo-m4-f07-flex-etu-gen-2/,174990,174990,si,3
2026-09-20,16:04:07,airsoftgames,Modelo M4 F06 Flex Gatillo electrónico  HAL Gen 2,https://airsoftgames.cl/producto/f06/,174990,174990,si,2
2026-09-20,16:04:07,airsoftgames,HI CAP AK 430 RDS SPECNA ARMS,https://airsoftgames.cl/producto/hi-cap-ak-430-rds-specna-arms/,9990,9990,si,30
2026-09-20,16:04:07,airsoftgames,Bolso Negro 84 cm,https://airsoftgames.cl/producto/bolso-negro-84-cm/,34990,34990,si,2
2026-09-20,16:04:07,airsoftgames,Bolso Gris 84 cm,https://airsoftgames.cl/producto/bolso-gris-84-cm/,34990,34990,si,1
2026-09-20,16:04:07,airsoftgames,M4 Modelo C10 Gatillo electrónico HAL ETU™ Color HT G2,https://airsoftgames.cl/producto/m4-modelo-c10-gatillo-electrnico-hal-etu-color-negro-g2/,164990,164990,si,1
2026-09-20,16:04:07,airsoftgames,Sniper Modelo S03 Negra Kit de potencia,https://airsoftgames.cl/producto/sniper-modelo-s03-negra-kit-de-potencia/,179990,179990,si,2
2026-09-20,16:04:07,airsoftgames,"M4 Modelo F09 Oliva, Gatillo electrónico HAL ETU Gen 2 Brushless motor",https://airsoftgames.cl/producto/m4-modelo-f09-gatillo-electrnico-hal-etu-gen-2-brushless-motor/,234990,234990,si,3
2026-09-20,16:04:07,airsoftgames,M4 Modelo F09 Gatillo electrónico HAL ETU™ Gen2,https://airsoftgames.cl/producto/m4-modelo-f09-gatillo-electrnico-hal-etu-gen2/,139990,164990,si,2
2026-09-20,16:04:07,airsoftgames,M4 Modelo  F08 FLEX™ Gatillo electrónico HAL ETU™ Color HT Gen2,https://airsoftgames.cl/producto/m4-modelo-f08-flex-gatillo-electrnico-hal-etu-color-ht-gen2/,134990,154990,si,2
2026-09-20,16:04:07,airsoftgames,M4 Modelo F04 FLEX Gatillo electrónico HAL ETU GEN2 Negra,https://airsoftgames.cl/producto/m4-modelo-f04-flex-gatillo-electrnico-hal-etu-gen2-negra/,154990,154990,si,1
2026-09-20,16:04:07,airsoftgames,M4 Modelo F01 Gate X-ASR FLEX  HT  (Mosfet Gate Polaco) Gen.2,https://airsoftgames.cl/producto/m4-modelo-f01-gate-x-asr-flex-ht-mosfet-gate-polaco-gen-2/,139990,139990,si,4
2026-09-20,16:04:07,airsoftgames,Bolso porta réplica GRIS 98cms,https://airsoftgames.cl/producto/bolso-porta-replica-gris-98cm/,29990,29990,si,12
2026-09-20,16:04:07,airsoftgames,Bolso porta réplica BLK 98cms,https://airsoftgames.cl/producto/bolso-porta-replica-blk-98cm/,29990,29990,si,8
2026-09-20,16:04:07,airsoftgames,(Type 0) Cylinder for AR15 Specna Arms Edge™ Replicas,https://airsoftgames.cl/producto/type-0-cylinder-for-ar15-specna-arms-edge-replicas/,6990,6990,si,5
2026-09-20,16:04:07,airsoftgames,SMAG M4 TAN MIDCAP,https://airsoftgames.cl/producto/smag-m4-tan-midcap/,9990,9990,si,33
2026-09-20,16:04:07,airsoftgames,Culata M4/AK E&L,https://airsoftgames.cl/producto/culata-m4-ak-e-l/,27990,27990,si,3
2026-09-20,16:04:07,airsoftgames,Válvula de ingreso KJWorks,https://airsoftgames.cl/producto/vlvula-de-ingreso-kjworks/,4990,4990,si,3
2026-09-20,16:04:07,airsoftgames,Modelo M4 F09 Flex Gatillo electrónico  HAL Gen 2 Brushless motor,https://airsoftgames.cl/producto/modelo-m4-f09-flex-etu-gen-2-brushless-motor/,234990,234990,si,1
2026-09-20,16:04:07,airsoftgames,Modelo M4 F08 Flex Gatillo electrónico  HAL gen2 Olive Brushless motor,https://airsoftgames.cl/producto/modelo-m4-f08-flex-etu-gen2-olive-brushless-motor/,234990,234990,si,2
2026-09-20,16:04:07,airsoftgames,Modelo M4 F08 FLEX Gatillo electrónico  HAL gen2 Brushless motor,https://airsoftgames.cl/producto/modelo-m4-f08-flex-gen2-etu-brushless-motor/,204990,234990,si,3
2026-09-20,16:04:07,airsoftgames,Modelo M4 F04 FLEX Gatillo electrónico  HAL Gen 2 Brushless motor,https://airsoftgames.cl/producto/modelo-m4-f04-flex-etu-gen-2-brushless-motor/,224990,224990,si,3
2026-09-20,16:04:07,airsoftgames,Modelo M4 F09 ht Flex Gatillo electrónico  HAL Gen2 Specna arms,https://airsoftgames.cl/producto/modelo-m4-f09-ht-flex-gen2-specna-arms/,139990,164990,si,1
2026-09-20,16:04:07,airsoftgames,Modelo M4 C22 Core Gatillo electrónico  HAL Gen2 Specna arms,https://airsoftgames.cl/producto/modelo-m4-c22-core-gen2-specna-arms/,169990,199990,si,1
2026-09-20,16:04:07,airsoftgames,Modelo M4 SA-F04 FLEX Gatillo electrónico  HAL GEN2 HT,https://airsoftgames.cl/producto/sa-f04-flex-etu-gen2-ht/,154990,154990,si,1
2026-09-20,16:04:07,airsoftgames,Lentes PYRAMEX  RENDEZVOUZ (cristal negro),https://airsoftgames.cl/producto/lentes-pyramex-rendezvouz-cristal-negro/,11990,11990,si,4
2026-09-20,16:04:07,airsoftgames,Lentes PYRAMEX Highlander plus (cristal transparente),https://airsoftgames.cl/producto/lentes-pyramex-highlander-plus-certificado-anzi-z87-1/,19990,19990,si,4
2026-09-20,16:04:07,airsoftgames,Montura Linterna metálica FMA TAN,https://airsoftgames.cl/producto/montura-linterna-metlica-fma-tan/,18990,18990,si,1
2026-09-20,16:04:07,airsoftgames,Motor m4 Solink motor 20000 RPM,https://airsoftgames.cl/producto/motor-m4-solink-motor/,49990,49990,si,1
2026-09-20,16:04:07,airsoftgames,Drum Masada P-MAG A&K eléctrico,https://airsoftgames.cl/producto/masada-p-mag-drum-electrico/,49990,49990,si,1
2026-09-20,16:04:07,airsoftgames,M4/M16 Magazine Adapter for P90 Replicas (CYMA),https://airsoftgames.cl/producto/m4-m16-magazine-adapter-for-p90-replicas-cyma/,39990,39990,si,1
2026-09-20,16:04:07,airsoftgames,Mid cap G36 Specna arms 140rds,https://airsoftgames.cl/producto/mid-cap-g36-specna-arms-140rds/,13990,13990,si,3
2026-09-20,16:04:07,airsoftgames,HI CAP M4 GRIS CON PIOLA 300RDS,https://airsoftgames.cl/producto/hi-cap-m4-gris-con-piola-300rds/,9990,9990,si,8
2026-09-20,16:04:07,airsoftgames,Adapter Quick Release mount for holsters tan,https://airsoftgames.cl/producto/quick-release-mount-for-holsters-tan/,5990,5990,si,1
2026-09-20,16:04:07,airsoftgames,POUCH RADIO COLOR BLK,https://airsoftgames.cl/producto/pouch-radio-color-blk/,7990,7990,si,2
2026-09-20,16:04:07,airsoftgames,Audífonos básicos radio Baofeng BLK,https://airsoftgames.cl/producto/audifonos-basicos-radio-baofeng-blk/,2990,2990,si,4
2026-09-20,16:04:07,airsoftgames,Mid cap Smag M4 black   S.A.,https://airsoftgames.cl/producto/midcap-blk-smag-s-a/,9990,9990,si,28
2026-09-20,16:04:07,airsoftgames,BACK PANEL V5 PC PARA BOLSA DE AGUA CHICA,https://airsoftgames.cl/producto/back-panel-para-bolsa-de-agua-chica/,32990,32990,si,1
2026-09-20,16:04:07,airsoftgames,WST – Tactical signal light GREEN luz azul,https://airsoftgames.cl/producto/wst-tactical-signal-light-green/,7990,7990,si,3
2026-09-20,16:04:07,airsoftgames,RIEL 45° BLK,https://airsoftgames.cl/producto/riel-45-blk/,8990,8990,si,3
2026-09-20,16:04:07,airsoftgames,AMARRE MOLLE TAN PARA BANDERA,https://airsoftgames.cl/producto/amarre-molle-tan-para-bandera/,7990,7990,si,3
2026-09-20,16:04:07,airsoftgames,Pistol Grip QD M4/M16 Negra,https://airsoftgames.cl/producto/pistol-grip-qd-m4-m16-negra/,13990,13990,si,1
2026-09-20,16:04:07,airsoftgames,Chest Rig Molle Expansion Plate,https://airsoftgames.cl/producto/chest-rig-molle-expansion-plate/,10990,10990,si,1
2026-09-20,16:04:07,airsoftgames,M203 Grenade Single Pouch MC,https://airsoftgames.cl/producto/m203-grenade-single-pouch/,6990,6990,si,1
2026-09-20,16:04:07,airsoftgames,RADIO FASTENER MC,https://airsoftgames.cl/producto/radio-fastener-mc/,4990,4990,si,1
2026-09-20,16:04:07,airsoftgames,PORTA TORNIQUETE MULTICAM BLK,https://airsoftgames.cl/producto/porta-torniquete-multicam-blk/,4990,4990,si,1
2026-09-20,16:04:07,airsoftgames,ALZA MIRA 1 PULGADA,https://airsoftgames.cl/producto/alza-mira-1-pulgada/,6990,6990,si,3
2026-09-20,16:04:07,airsoftgames,Conectores mini tamiya Electro river,https://airsoftgames.cl/producto/conectores-mini-tamiya/,2990,2990,si,15
2026-09-20,16:04:07,airsoftgames,Plate carrier GFC coyote,https://airsoftgames.cl/producto/plate-carrier-gfc-coyote/,36990,36990,si,2
2026-09-20,16:04:07,airsoftgames,Riel keymod 5cm,https://airsoftgames.cl/producto/riel-keymod-2pulg-blk/,5990,5990,si,3
2026-09-20,16:04:07,airsoftgames,CASCO TMC MK COYOTE,https://airsoftgames.cl/producto/casco-tmc-mk-coyote/,74990,74990,si,1
2026-09-20,16:04:07,airsoftgames,Láser punto rojo pistolas PCP/airsoft 11/20mm,https://airsoftgames.cl/producto/lser-punto-rojo-pistolas-pcp-airsoft-11-20mm/,12990,12990,si,3
2026-09-20,16:04:07,airsoftgames,Soporte casco NVG Gopro,https://airsoftgames.cl/producto/soporte-casco-nvg-gopro/,5990,5990,si,2
2026-09-20,16:04:07,airsoftgames,Motor for AR15 Specna Arms CORE,https://airsoftgames.cl/producto/motor-for-ar15-specna-arms-core/,24990,24990,si,5
2026-09-20,16:04:07,airsoftgames,Botiquín básico,https://airsoftgames.cl/producto/botiquin/,2490,2490,si,3
2026-09-20,16:04:07,airsoftgames,Mira Reflex multi punto verde y rojo,https://airsoftgames.cl/producto/mira-reflex-multi-punto-verde-y-rojo/,29990,29990,si,1
2026-09-20,16:04:07,airsoftgames,Mira laser punto rojo de pistola,https://airsoftgames.cl/producto/mira-laser-punto-rojo-de-pistola/,17990,17990,si,2
2026-09-20,16:04:07,airsoftgames,Casco Mich2000 con riel,https://airsoftgames.cl/producto/casco-mich2000-con-riel/,26990,26990,si,3
2026-09-20,16:04:07,airsoftgames,Bolsa de agua verde 1.5 lts,https://airsoftgames.cl/producto/bolsa-de-agua-verde-1-5-lts/,5990,5990,si,2
2026-09-20,16:04:07,airsoftgames,Mochila Camelback negro incluye bolsa de agua 1.5 lts,https://airsoftgames.cl/producto/mochila-camelback-negro-incluye-bolsa-de-agua-1-5-lts/,10990,10990,si,3
2026-09-20,16:04:07,airsoftgames,Chaleco JPC negro,https://airsoftgames.cl/producto/chaleco-jpc-negro/,24990,24990,si,2
2026-09-20,16:04:07,airsoftgames,Chaleco JPC tan,https://airsoftgames.cl/producto/chaleco-jpc-tan/,24990,24990,si,1
2026-09-20,16:04:07,airsoftgames,PROTECTOR MIRA REDONDO,https://airsoftgames.cl/producto/protector-mira-redondo/,6990,6990,si,2
2026-09-20,16:04:07,airsoftgames,PLATAFORMA PISTOLA MOLLE BLK,https://airsoftgames.cl/producto/plataforma-pistola-molle-blk/,7990,7990,si,4
2026-09-20,16:04:07,airsoftgames,FUNDA KAYDEX TAN G17/34 C/FLASH LIGHT HX35,https://airsoftgames.cl/producto/funda-kaydex-tan-g17-34-c-flash-light-hx35/,39990,39990,si,1
2026-09-20,16:04:07,airsoftgames,BOLSA HIDRATACION AZUL 2.00LT,https://airsoftgames.cl/producto/bolsa-hidratacion-azul-2-00lt/,8990,8990,si,1
2026-09-20,16:04:07,airsoftgames,MASCARA MALLA SIMPLE BLK,https://airsoftgames.cl/producto/mascara-malla-simple-blk/,8990,8990,si,7
2026-09-20,16:04:07,airsoftgames,MONTURA LATERAL AK LCT,https://airsoftgames.cl/producto/montura-lateral-ak-lct/,24990,24990,si,2
2026-09-20,16:04:07,airsoftgames,GUIA RESORTE ESA 2.0,https://airsoftgames.cl/producto/guia-resorte-esa-2-0/,11990,11990,si,1
2026-09-20,16:04:07,airsoftgames,TACTICAL GRIP (tipo hera) TAN,https://airsoftgames.cl/producto/tactical-grip-tipo-hera-tan/,17990,17990,si,3
2026-09-20,16:04:07,airsoftgames,BASE MONTURA CON VELCRO TAN PARA CASCO,https://airsoftgames.cl/producto/base-montura-con-velcro-tan-para-casco/,5990,5990,si,2
2026-09-20,16:04:07,airsoftgames,"BALINES BLS 0,36 1.000rd",https://airsoftgames.cl/producto/balines-bls-0-36-1-000rd/,12990,12990,si,6
2026-09-20,16:04:07,airsoftgames,Balines BLS 0.12 1 kilo,https://airsoftgames.cl/producto/balines-bls-0-12-1-kilo/,9990,9990,si,2
2026-09-20,16:04:07,airsoftgames,Balines BLS 0.32 kilo,https://airsoftgames.cl/producto/balines-bls-0-32-kilo/,13590,13590,si,2
2026-09-20,16:04:07,airsoftgames,Cargador hi cap 400rds SCAR-H blk Doble Bell,https://airsoftgames.cl/producto/cargador-higcap-400rds-scar-h-blk-dd/,11990,11990,si,2
2026-09-20,16:04:07,airsoftgames,"M160 Spring for AWS, MB44xx Replicas AirsoftPro",https://airsoftgames.cl/producto/m160-spring-for-aws-mb44xx-replicas/,15990,15990,si,1
2026-09-20,16:04:07,airsoftgames,Magazine Sniper CM702,https://airsoftgames.cl/producto/magazine-sniper-cm702/,9990,9990,si,3
2026-09-20,16:04:07,airsoftgames,Cargador Hi Cap JGW para serie MP5,https://airsoftgames.cl/producto/cargador-hi-cap-jgw-para-serie-mp5/,14990,14990,si,4
2026-09-20,16:04:07,airsoftgames,Cabeza de piston Modify For APS-2/TYPE 96,https://airsoftgames.cl/producto/cabeza-de-piston-modify-for-aps-2-type-96/,21990,21990,si,1
2026-09-20,16:04:07,airsoftgames,Cabeza pistón Angel Custom PSS2 para rifles sniper airsoft APS Type 96 Series,https://airsoftgames.cl/producto/cabeza-pistn-angel-custom-pss2-para-rifles-sniper-airsoft-aps-type-96-series/,18990,18990,si,1
2026-09-20,16:04:07,airsoftgames,Grip Vertical Tango Down Liberación Rápida Dark Earth,https://airsoftgames.cl/producto/grip-vertical-tango-down-liberacin-rpida-dark-earth/,16990,16990,si,1
2026-09-20,16:04:07,airsoftgames,Correa 2 puntas QD negra,https://airsoftgames.cl/producto/correa-2-puntas-qd-negra/,15990,15990,si,1
2026-09-20,16:04:07,airsoftgames,Correa 2 puntas QD Tan,https://airsoftgames.cl/producto/correa-2-puntas-qd/,15990,15990,si,1
2026-09-20,16:04:07,airsoftgames,Tirador para cargador M4 (2 unidades x 6990),https://airsoftgames.cl/producto/tirador-para-cargador-m4/,6990,6990,si,9
2026-09-20,16:04:07,airsoftgames,Montura linterna polimero ajustable MP07005-bk,https://airsoftgames.cl/producto/montura-linterna-polimero-mp07005-bk/,6990,6990,si,4
2026-09-20,16:04:07,airsoftgames,Pulsador doble tan WY230-DE,https://airsoftgames.cl/producto/pulsador-doble-tan-wy230-de/,44990,44990,si,3
2026-09-20,16:04:07,airsoftgames,Pulsador doble WY230-BK,https://airsoftgames.cl/producto/pulsador-doble-wy230-bk/,44990,44990,si,1
2026-09-20,16:04:07,airsoftgames,Luz química amarilla,https://airsoftgames.cl/producto/luz-quimica/,1100,1100,si,2
2026-09-20,16:04:07,airsoftgames,Ak mag coupler,https://airsoftgames.cl/producto/ak-mag-coupler/,7990,7990,si,1
2026-09-20,16:04:07,airsoftgames,AK mag coupler Element,https://airsoftgames.cl/producto/ak-mag-coupler-element/,8990,8990,si,1
2026-09-20,16:04:07,airsoftgames,Upper M4 metal Specna arms,https://airsoftgames.cl/producto/upper-m4-metal-specna-arms/,29990,29990,si,1
2026-09-20,16:04:07,airsoftgames,Culata M4 BD-3669,https://airsoftgames.cl/producto/culata-m4-bd-3669/,27990,27990,si,1
2026-09-20,16:04:07,airsoftgames,Culata Crane Specna Arms,https://airsoftgames.cl/producto/culata-crane-specna-arms/,19990,19990,si,2
2026-09-20,16:04:07,airsoftgames,Culata MP103 M4 Specna arms,https://airsoftgames.cl/producto/culata-m4-specna-arms/,24990,24990,si,2
2026-09-20,16:04:07,airsoftgames,Culata Porta mag m4,https://airsoftgames.cl/producto/culata-porta-mag-m4/,24990,24990,si,1
2026-09-20,16:04:07,airsoftgames,M4 Modelo F12 X-ASR FLEX  (Mosfet Gate Polaco) Gen.2,https://airsoftgames.cl/producto/flex12-x-asr-gen2/,139990,139990,no,N/A
2026-09-20,16:04:07,airsoftgames,Modelo M4 F02 Flex X-ASR Gen 2 HT,https://airsoftgames.cl/producto/flex-02-x-asr-gen-2-ht/,154990,154990,si,2
2026-09-20,16:04:07,airsoftgames,Modelo M4 F02 Flex  XASR gen2 Negra,https://airsoftgames.cl/producto/flex-02-xasr-gen2/,154990,154990,si,5
2026-09-20,16:04:07,airsoftgames,Selector plate V3 SHS,https://airsoftgames.cl/producto/selector-plate-v3-shs/,4990,4990,si,18
2026-09-20,16:04:07,airsoftgames,CONECTORES MINI TAMIYA GATE,https://airsoftgames.cl/producto/conectores-mini-tamiya-gate/,3990,3990,si,5
2026-09-20,16:04:07,airsoftgames,CUT OFF LEVER V3,https://airsoftgames.cl/producto/cut-off-lever-v3/,3990,3990,si,1
2026-09-20,16:04:07,airsoftgames,O-RING cabeza de piston,https://airsoftgames.cl/producto/o-ring-cabeza-cilindro/,1990,1990,si,18
2026-09-20,16:04:07,airsoftgames,Batería lion 11 volt 2500 nunchaco tamiya,https://airsoftgames.cl/producto/bateria-lion-2500-tamiya/,33990,33990,si,3
2026-09-20,16:04:07,airsoftgames,Pistón diente metal specna Arms 14 dientes EDGE,https://airsoftgames.cl/producto/pistn-diente-metal-specna-arms-14-dientes/,6990,6990,si,4
2026-09-20,16:04:07,airsoftgames,SHS JUEGO CABEZA CILINDRO Y PISTON SILENCIADOS,https://airsoftgames.cl/producto/shs-juego-cabeza-cilindro-y-piston-silenciados/,23990,23990,no,N/A
2026-09-20,16:04:07,airsoftgames,CABEZA PISTON SILENCIADA CNC C/RODAMIENTOS,https://airsoftgames.cl/producto/cabeza-piston-silenciada-cnc-c-rodamientos/,9990,9990,si,1
2026-09-20,16:04:07,airsoftgames,Resorte m120 Specna Arms,https://airsoftgames.cl/producto/resorte-m120-specna-arms/,7990,7990,si,8
2026-09-20,16:04:07,airsoftgames,RESORTE M90 SPECNA ARMS,https://airsoftgames.cl/producto/resorte-m90-specna-arms/,7990,7990,si,6
2026-09-20,16:04:07,airsoftgames,"Cañón precisión Action Army 6,01 mm 455 mm réplicas AEG tipo AK",https://airsoftgames.cl/producto/can-precisin-action-army-6-01-mm-455-mm-rplicas-aeg-tipo-ak/,54990,54990,si,1
2026-09-20,16:04:07,airsoftgames,GUIA SPECNA SIN RODAMIENTOS,https://airsoftgames.cl/producto/guia-specna-sin-rodamientos/,6990,6990,si,2
2026-09-20,16:04:07,airsoftgames,Lentes PYRAMEX Highlander plus (cristal negro),https://airsoftgames.cl/producto/pyramex-highlander-plus/,18990,18990,si,2
2026-09-20,16:04:07,airsoftgames,Nozzle G36 specna arms,https://airsoftgames.cl/producto/nozzle-g36-specna-arms/,6990,6990,si,3
2026-09-20,16:04:07,airsoftgames,Juego de resortes Specna Arms V2 –,https://airsoftgames.cl/producto/juego-de-resortes-specna-arms-v2/,7990,7990,si,16
2026-09-20,16:04:07,airsoftgames,CUT OFF LEVER V2 SA,https://airsoftgames.cl/producto/cut-off-lever-v2-sa/,5990,5990,si,5
2026-09-20,16:04:07,airsoftgames,CABEZA CILINDRO DOBLE O-RING Specna Arms Aether™,https://airsoftgames.cl/producto/cabeza-cilindro-doble-o-ring-specna-arms-aether/,14990,14990,si,7
2026-09-20,16:04:07,airsoftgames,SHS Tappet plate V3,https://airsoftgames.cl/producto/shs-tappet-plate-v3/,7990,7990,si,1
2026-09-20,16:04:07,airsoftgames,Juego de resortes v2 SA,https://airsoftgames.cl/producto/juego-de-resortes-v2/,7990,7990,si,6
2026-09-20,16:04:07,airsoftgames,Lower body for H Series Specna Arms Edge 2.0™ + guia,https://airsoftgames.cl/producto/cuerpo-inferior-para-specna-arms-edge-2-0-serie-h/,54990,54990,si,1
2026-09-20,16:04:07,airsoftgames,Engranajes 32:1 SHS,https://airsoftgames.cl/producto/engranajes-32-1-shs/,24990,24990,si,1
2026-09-20,16:04:07,airsoftgames,Forward Assist for AR15 Specna Arms,https://airsoftgames.cl/producto/forward-assist-for-ar15-specna-arms/,4990,4990,si,6
2026-09-20,16:04:07,airsoftgames,Resorte de gatillo réplicas AR15 Specna Arms,https://airsoftgames.cl/producto/resorte-de-gatillo-rplicas-ar15-specna-arms/,2990,2990,si,4
2026-09-20,16:04:07,airsoftgames,pieza chamber specna,https://airsoftgames.cl/producto/pieza-chamber-specna-2/,6990,6990,si,4
2026-09-20,16:04:07,airsoftgames,Cableado con GB V2 QD (trasero),https://airsoftgames.cl/producto/cableado-con-gb-v2-qd-trasero/,15990,15990,si,1
2026-09-20,16:04:07,airsoftgames,Microcontacto para réplicas de la serie G,https://airsoftgames.cl/producto/switch-specna-para-g36/,8990,8990,si,3
2026-09-20,16:04:07,airsoftgames,Advanced Motor EDGE torque Specna arms,https://airsoftgames.cl/producto/advanced-motor-for-ar15-specna-arms-edge-torque/,39990,39990,si,2
2026-09-20,16:04:07,airsoftgames,KJW magazine MK1 Green gas,https://airsoftgames.cl/producto/kjw-magazine-mk1/,29990,29990,si,4
2026-09-20,16:04:07,airsoftgames,Sniper Modelo S02 Negro  480 fps (incluye Mira y Bípode),https://airsoftgames.cl/producto/sniper-modelo-s02-negro-480-fps-incluye-mira-y-bpode/,219990,219990,si,11
2026-09-20,16:04:07,airsoftgames,Sniper Modelo S03 Tan 480 fps (incluye Mira y Bipode),https://airsoftgames.cl/producto/sniper-modelo-s03-tan-480-fps-incluye-mira-y-bipode/,249990,249990,si,2
2026-09-20,16:04:07,airsoftgames,M4 Modelo Specna C03 HT Core Gatillo electrónico HAL ETU,https://airsoftgames.cl/producto/m4-modelo-specna-c03-ht-core-gatillo-electrnico-hal-etu/,169990,169990,si,1
2026-09-20,16:04:07,airsoftgames,M4 Modelo F01 Gate X-ASR FLEX (Mosfet Gate Polaco) Gen.2,https://airsoftgames.cl/producto/m4-modelo-flex-01-gate-x-asr-mosfet-gate-polaco-gen-2/,139990,139990,si,2
2026-09-20,16:04:07,airsoftgames,POUCH PISTOLA BLK SCORPION,https://airsoftgames.cl/producto/pouch-pistola-blk-scorpion/,8990,8990,si,1
2026-09-20,16:04:07,airsoftgames,POUCH PISTOLA TAN SCORPION,https://airsoftgames.cl/producto/pouch-pistola-tan-scorpion/,8990,8990,si,2
2026-09-20,16:04:07,airsoftgames,Enganche correa sniper SA,https://airsoftgames.cl/producto/enganche-correa-sniper-sa/,13990,13990,si,3
2026-09-20,16:04:07,airsoftgames,Montura correa táctica asap M4/M16,https://airsoftgames.cl/producto/montura-correa-tctica-asap-m4-m16/,9990,9990,si,1
2026-09-20,16:04:07,airsoftgames,Riel m4 carbine (handguard M4a1),https://airsoftgames.cl/producto/riel-m4-carbine-handguard-m4a1/,9990,9990,si,2
2026-09-20,16:04:07,airsoftgames,Empuñadura Calavera tipo magwell Tan,https://airsoftgames.cl/producto/empuadura-calavera-tipo-magwell-tan/,15990,15990,si,2
2026-09-20,16:04:07,airsoftgames,QD Sling swivel,https://airsoftgames.cl/producto/qd-sling-swivel/,8990,8990,si,1
2026-09-20,16:04:07,airsoftgames,Nozzle Metálico M4,https://airsoftgames.cl/producto/nozzle-metlico-m4/,8490,8490,si,3
2026-09-20,16:04:07,airsoftgames,Carcaza motor gr14,https://airsoftgames.cl/producto/carcaza-motor-gr14/,32990,32990,si,1
2026-09-20,16:04:07,airsoftgames,PIEZA SNIPER Specna arms S02/S03 (pernos de sujeción),https://airsoftgames.cl/producto/pieza-sniper-specna-arms-s02-s03-pernos-de-sujecin/,9990,9990,si,1
2026-09-20,16:04:07,airsoftgames,Diente de seguridad para réplicas SA-S02/S03/VSR,https://airsoftgames.cl/producto/diente-de-seguridad-para-rplicas-sa-s02-s03-vsr/,5990,5990,si,4
2026-09-20,16:04:07,airsoftgames,AK 104 E&L,https://airsoftgames.cl/producto/e-l-ak-104-el-a103s/,439990,439990,si,1
2026-09-20,16:04:07,airsoftgames,MP5A4 RIS – Licensed by Umarex,https://airsoftgames.cl/producto/cyma-cm041b-cyma-m5a4-ris-airsoft-aeg-rifle-cm041b/,289990,289990,si,1
2026-09-20,16:04:07,airsoftgames,AK CYMA AK74M con culata plegable – Negro (Metal),https://airsoftgames.cl/producto/cyma-ak-74m-airsoft-aeg-rifle-w-folding-stock-black-metal-cm040c/,309990,309990,si,1
2026-09-20,16:04:07,airsoftgames,Pistón de 14 dientes para réplicas AR15 Specna Arms CORE,https://airsoftgames.cl/producto/piston-100-dientes-metalicos-c/,6990,6990,si,8
2026-09-20,16:04:07,airsoftgames,"Cañón 6,02 de precisión de 407 mm Specna Arms",https://airsoftgames.cl/producto/caon-6-03/,44990,44990,si,1
2026-09-20,16:04:07,airsoftgames,CYMA AK74 AIRSOFT AEG (METAL MADERA),https://airsoftgames.cl/producto/cyma-ak74-airsoft-aeg-metal-madera/,359990,359990,si,2
2026-09-20,16:04:07,airsoftgames,CYMA Platinum MP5 – Licensed by Umarex,https://airsoftgames.cl/producto/cyma-cm041h-cyma-platinum-m5/,409990,409990,si,1
2026-09-20,16:04:07,airsoftgames,M4 Modelo F03 BLK Gate X-ASR FLEX (Mosfet Gate Polaco)  Gen.2,https://airsoftgames.cl/producto/m4-flex-f03-gate-x-asr-mosfet-gate-polaco-gen-2/,139990,139990,si,1
2026-09-20,16:04:07,airsoftgames,C5 Tactical Headset,https://airsoftgames.cl/producto/c5-tactical-headset/,54990,54990,si,2
2026-09-20,16:04:07,airsoftgames,Gatillo electrónico HAL Specna arms M4,https://airsoftgames.cl/producto/gatillo-electrnico-hal-specna-arms/,59990,59990,no,N/A
2026-09-20,16:04:07,airsoftgames,Casco Fast negro,https://airsoftgames.cl/producto/casco-fast-negro/,35500,35500,si,2
2026-09-20,16:04:07,airsoftgames,Cableado v2 trasero Specna Arms,https://airsoftgames.cl/producto/cableado-v2-trasero-specna-arms/,17990,17990,si,5
2026-09-20,16:04:07,airsoftgames,Cilindro sellado azul SA,https://airsoftgames.cl/producto/cilindro-sellado-azul-sa/,5990,5990,si,5
2026-09-20,16:04:07,airsoftgames,Charging handle set for Specna arms s02/s03,https://airsoftgames.cl/producto/charging-handle-set-for-sa-s02-s03/,8990,8990,si,1
2026-09-20,16:04:07,airsoftgames,Grip angular Specna Arms M-LOK Negra,https://airsoftgames.cl/producto/grip-angular-specna-arms-m-lok-negra/,15990,15990,si,1
2026-09-20,16:04:07,airsoftgames,Extensión cañon metal 10 cms,https://airsoftgames.cl/producto/extensin-caon-metal-10-cms/,9990,9990,si,1
2026-09-20,16:04:07,airsoftgames,Resorte M140 Specna Arms,https://airsoftgames.cl/producto/resorte-m140-specna-arms/,7990,7990,si,4
2026-09-20,16:04:07,airsoftgames,Set Rodilleras Negras GFC Tactical,https://airsoftgames.cl/producto/set-rodilleras-negras/,12990,12990,si,2
2026-09-20,16:04:07,airsoftgames,Mini muslera porta secundaria Negra (glock17-1911),https://airsoftgames.cl/producto/mini-muslera-porta-secundaria-negra-glock-1911/,13990,13990,si,1
2026-09-20,16:04:07,airsoftgames,Lipo 11.1V 1400mah T-Din,https://airsoftgames.cl/producto/lipo-11-1v-1400mah-t-din/,29990,29990,si,2
2026-09-20,16:04:07,airsoftgames,Anti – Reversal,https://airsoftgames.cl/producto/antireversal-tornado/,6990,6990,si,12
2026-09-20,16:04:07,airsoftgames,Sniper Modelo S02 Réplica de rifle de francotirador 480 fps,https://airsoftgames.cl/producto/sniper-sa-s02-rplica-de-rifle-de-francotirador-nueva-versin-high-velocity/,129990,149990,si,4
2026-09-20,16:04:07,airsoftgames,Cilindro AZUL Tipo 2,https://airsoftgames.cl/producto/cilindro-standar-specna/,5990,5990,si,9
2026-09-20,16:04:07,airsoftgames,Juego de 6 pinturas de camuflaje Camo-Pen,https://airsoftgames.cl/producto/camo-pen/,31990,31990,si,1
2026-09-20,16:04:07,airsoftgames,Culata PDW tan SA,https://airsoftgames.cl/producto/culata-pdw-tan/,44990,44990,si,3
2026-09-20,16:04:07,airsoftgames,M4 Modelo Specna F08 FLEX™ Gatillo electrónico  HAL™ Color Negro Gen2,https://airsoftgames.cl/producto/sa-f08-flex-hal-etu-negro/,154990,154990,si,3
2026-09-20,16:04:07,airsoftgames,JS-TACTICAL MIRA HOLOGRAFICA CON LASER,https://airsoftgames.cl/producto/js-tactical-mira-holografica-con-laser/,78990,78990,si,1
2026-09-20,16:04:07,airsoftgames,Speed loader 90 rds BLS,https://airsoftgames.cl/producto/speed-loader-90-rds-bls/,3990,3990,si,23
2026-09-20,16:04:07,airsoftgames,Conector Deans GATE,https://airsoftgames.cl/producto/conector-deans-gate-3-990/,3990,3990,si,2
2026-09-20,16:04:07,airsoftgames,Cargador baterías lipo Imax B3RC chino,https://airsoftgames.cl/producto/cargador-lipo-imax-chino/,9990,9990,no,N/A
2026-09-20,16:04:07,airsoftgames,Chamber M4 Hop-Up TDC Magnus,https://airsoftgames.cl/producto/chamber-m4-hop-up-tdc-magnus/,16990,16990,si,4
2026-09-20,16:04:07,airsoftgames,M4 Modelo C10 Gatillo electrónico HAL ETU™ Color Negro GEN 2,https://airsoftgames.cl/producto/sa-c10-negro-core-hal-etu/,164990,164990,si,1
2026-09-20,16:04:07,airsoftgames,Nozzle Specna Arms Aether,https://airsoftgames.cl/producto/nozzle-specna-arms-aether/,4990,4990,si,4
2026-09-20,16:04:07,airsoftgames,Shell Specna Arms Aether™,https://airsoftgames.cl/producto/shell-specna-arms-aether/,39990,39990,si,4
2026-09-20,16:04:07,airsoftgames,AK Modelo Specna J76 Core Gatillo electrónico HAL ETU Gen2,https://airsoftgames.cl/producto/sa-j76-core-hal-etu-gen2/,169990,169990,si,2
2026-09-20,16:04:07,airsoftgames,LI-ION BATTERY 11.1V X 2000MAH 15C NUNCHUCK,https://airsoftgames.cl/producto/li-ion-battery-11-1v-x-2000mah-15c-nunchuck/,22990,22990,si,9
2026-09-20,16:04:07,airsoftgames,Balines BLS 0.20 grs 1 kilo,https://airsoftgames.cl/producto/balines-bls-0-20-grs-1-kilo/,9990,9990,si,3
2026-09-20,16:04:07,airsoftgames,CO2 12grs Umarex,https://airsoftgames.cl/producto/co2-12gr/,800,800,si,96
2026-09-20,16:04:07,airsoftgames,Balines BLS 0.28 grs 1 kilo,https://airsoftgames.cl/producto/balines-bls-0-28-grs-1-kilo/,11990,11990,si,21
2026-09-20,16:04:07,airsoftgames,"Balines BLS 0,25 grs 1 kilo",https://airsoftgames.cl/producto/balines-bls-0-25-grs-1-kilo/,9990,9990,si,65
2026-09-20,16:04:07,airsoftgames,kit Silicona y grasas Protech gun,https://airsoftgames.cl/producto/kit-silicona-y-grasas-protech-gun/,8990,8990,si,4
2026-09-20,16:04:07,airsoftgames,MID CAP SMAG AK TAN SA,https://airsoftgames.cl/producto/mid-cap-smag-ak-tan/,7990,7990,si,12
2026-09-20,16:04:07,airsoftgames,HI CAP AK PLUM AK SA,https://airsoftgames.cl/producto/hi-cap-plum-ak-430-rds-specna-arms/,7990,7990,si,16
2026-09-20,16:04:07,airsoftgames,ENCENDEDOR GRANADA PIÑA,https://airsoftgames.cl/producto/encendedor-granada-pia/,5990,5990,si,3
2026-09-20,16:04:07,airsoftgames,Magazine KP-23 KJW,https://airsoftgames.cl/producto/magazine-kp-23/,27990,27990,si,3
2026-09-20,16:04:07,airsoftgames,Sniper SA S02 CORE high Velocity Tan (con Bípode y mira),https://airsoftgames.cl/producto/sa-s02-core-high-velocity-tan-con-bpode-y-mira/,219990,219990,si,5
2026-09-20,16:04:07,airsoftgames,Delayer specna arms,https://airsoftgames.cl/producto/delayer-specna-arms/,1990,1990,si,8
2026-09-20,16:04:07,airsoftgames,goma hop up specna arms 60° negra noob standar,https://airsoftgames.cl/producto/goma-hop-up-specna-arms-60-negra/,6990,6990,si,8
2026-09-20,16:04:07,airsoftgames,GATILLO SA M4,https://airsoftgames.cl/producto/gatillo-sa-m4/,6990,6990,si,5
2026-09-20,16:04:07,airsoftgames,PISTOLA SPRING ZM26,https://airsoftgames.cl/producto/pistola-spring-zm26/,19990,19990,si,1
2026-09-20,16:04:07,airsoftgames,BALINES .50X100 AZUL PARA PISTOLA TRAUMATICA,https://airsoftgames.cl/producto/balines-50x100-azul-para-pistola-traumatica/,15990,15990,si,2
2026-09-20,16:04:07,airsoftgames,PISTOLA SPRING,https://airsoftgames.cl/producto/pistola-spring/,19990,19990,si,2
2026-09-20,16:04:07,airsoftgames,Cabeza pistón aluminio Aether™ specna arms,https://airsoftgames.cl/producto/cabeza-pistn-aluminio-aether-specna-arms/,8990,8990,no,N/A
2026-09-20,16:04:07,airsoftgames,HOLSTER UNIVERSAL PISTOLA MOLLE TAN,https://airsoftgames.cl/producto/holster-universal-pistola-molle-tan/,9990,9990,si,1
2026-09-20,16:04:07,airsoftgames,MK1 KJW,https://airsoftgames.cl/producto/mk1-kjw/,64990,64990,si,4
2026-09-20,16:04:07,airsoftgames,KJW MAGAZINE CO2 M92,https://airsoftgames.cl/producto/kjw-magazine-co2-m92/,37990,37990,si,4
2026-09-20,16:04:07,airsoftgames,KJW MAGAZINE KP17 CO2,https://airsoftgames.cl/producto/kjw-magazine-kp17-co2/,37990,37990,si,5
2026-09-20,16:04:07,airsoftgames,KJW MAGAZINE M92 Green gas,https://airsoftgames.cl/producto/kjw-magazine-m92/,29990,29990,si,2
2026-09-20,16:04:07,airsoftgames,KP19S KJW,https://airsoftgames.cl/producto/kp19s-kjw/,199990,199990,si,1
2026-09-20,16:04:07,airsoftgames,1911 Full Metal KJW CO2,https://airsoftgames.cl/producto/kjw-1911/,169990,169990,no,N/A
2026-09-20,16:04:07,airsoftgames,M4 Modelo FX02 FLEX Gatillo electrónico HAL Color Negro Gen2,https://airsoftgames.cl/producto/sa-fx02-flex-etu-gen-2-blk/,164990,164990,si,4
2026-09-20,16:04:07,airsoftgames,guia resorte c/rodamientos specna arms,https://airsoftgames.cl/producto/guia-resorte-c-rodamientos-specna-arms/,7990,7990,si,10
2026-09-20,16:04:07,airsoftgames,Cabeza de pistón Edge SA,https://airsoftgames.cl/producto/cabeza-de-pistn-edge/,5990,5990,si,12
2026-09-20,16:04:07,airsoftgames,Juego de rodamientos de 8 mm,https://airsoftgames.cl/producto/bearing-8mm-specna-arms/,7990,7990,si,15
2026-09-20,16:04:07,airsoftgames,Mid cap Ak metal 150rds TORNADO,https://airsoftgames.cl/producto/mid-cap-ak-metal-150rds-tornado/,12990,12990,si,3
2026-09-20,16:04:07,airsoftgames,Bolso porta replica negra 97 cms,https://airsoftgames.cl/producto/bolso-porta-replica-negra-97-cms/,34990,34990,si,1
2026-09-20,16:04:07,airsoftgames,M4 Modelo C24  Core Gatillo electrónico HAL Gen2,https://airsoftgames.cl/producto/sa-c24-core-etu-gen2-blk/,209990,209990,si,1
2026-09-20,16:04:07,airsoftgames,SA J02 Prime Aster V3 ETU Bluetooth with Brushless Motor,https://airsoftgames.cl/producto/sa-j02-prime-aster-v3-etu-bluetooth/,499990,499990,si,2
2026-09-20,16:04:07,airsoftgames,RED DOT OPERATOR THETA OPTICS,https://airsoftgames.cl/producto/red-dot-operator-theta-optics/,69990,69990,si,1
2026-09-20,16:04:07,airsoftgames,Protector mira holo Element EX013,https://airsoftgames.cl/producto/protector-mira-holo/,5990,5990,si,6
2026-09-20,16:04:07,airsoftgames,S Mag Hi-Cap M4 para 380 Rd Gris SA,https://airsoftgames.cl/producto/s-mag-hi-cap-para-380-rd-gris/,9990,9990,si,21
2026-09-20,16:04:07,airsoftgames,Magazine S-Mag Hi-Cap 380 rondas Tan SA,https://airsoftgames.cl/producto/s-mag-hi-cap-380rd-tan/,9990,9990,si,10
2026-09-20,16:04:07,airsoftgames,Magazine S-Mag Hi-Cap 380 rondas negro SA,https://airsoftgames.cl/producto/hi-cap-smag-m4-negro-specna-arms/,9990,9990,si,4
2026-09-20,16:04:07,airsoftgames,Mid cap M4 Smag Specna Arms gris 120rds SA,https://airsoftgames.cl/producto/mid-cap-m4-smag-specna-gris-120rds/,9990,9990,si,11
2026-09-20,16:04:07,airsoftgames,MID CAP METAL TAN Specna arms SA,https://airsoftgames.cl/producto/mid-cap-metal-tan-specna-arms/,9990,9990,si,30
2026-09-20,16:04:07,airsoftgames,Hi cap M4 specna metal 300 rds BLK SA,https://airsoftgames.cl/producto/hi-cap-m4-specna-metal-300-rds/,7990,7990,si,24
2026-09-20,16:04:07,airsoftgames,"Cañón de precisión 6,02 – 363mm",https://airsoftgames.cl/producto/caon-sa-363mm-6-02/,31990,31990,si,6
2026-09-20,16:04:07,airsoftgames,goma hop specna azul 60°,https://airsoftgames.cl/producto/goma-hop-specna-azul-60/,7990,7990,si,10
2026-09-20,16:04:07,airsoftgames,Shimming Specna arms,https://airsoftgames.cl/producto/shimming-specna-arms/,5990,5990,si,4
2026-09-20,16:04:07,airsoftgames,Cabeza pistón doble orring Specna arms CNC,https://airsoftgames.cl/producto/cabeza-piston-doble-sellado-specna-arms/,14990,14990,si,2
2026-09-20,16:04:07,airsoftgames,Grip Empuñadura delantera en ángulo Cobra verde follaje,https://airsoftgames.cl/producto/grip-empuadura-delantera-en-ngulo-cobra-verde-follaje/,10990,10990,si,7
2026-09-20,16:04:07,airsoftgames,Grip Empuñadura delantera en ángulo Cobra,https://airsoftgames.cl/producto/grip-empuadura-delantera-en-ngulo-cobra/,11990,11990,si,5
2026-09-20,16:04:07,airsoftgames,Grip Empuñadura delantera en ángulo,https://airsoftgames.cl/producto/grip-empuadura-delantera-ris-en-ngulo/,9990,9990,si,2
2026-09-20,16:04:07,airsoftgames,Grip Empuñadura delantera RIS en ángulo Tan FMA,https://airsoftgames.cl/producto/grip-empuadura-delantera-ris-en-ngulo-tan/,9990,9990,si,5
2026-09-20,16:04:07,airsoftgames,Holster tornado pistola molle BLK,https://airsoftgames.cl/producto/holster-universal-pistola-molle-blk/,11990,11990,si,2
2026-09-20,16:04:07,airsoftgames,Balines Specna Core 0.25 Bolsa 1kg,https://airsoftgames.cl/producto/bb-specna-core-0-25/,7990,7990,si,19
2026-09-20,16:04:07,airsoftgames,Switch V2 rojo Specna arms,https://airsoftgames.cl/producto/switch-v2-rojo-specna-arms/,7990,7990,si,3
2026-09-20,16:04:07,airsoftgames,Gearbox v.2 completo Specna Arms V.2 Enter & Convert™,https://airsoftgames.cl/producto/gearbox-v-2-enter-convert-completo-y-reforzado/,99990,99990,si,1
2026-09-20,16:04:07,airsoftgames,kit selector plate y tappet plate JGW,https://airsoftgames.cl/producto/kit-selector-plate-y-tappet-plate-jgw/,7990,7990,si,7
2026-09-20,16:04:07,airsoftgames,Resorte (Muelle) M135,https://airsoftgames.cl/producto/resorte-muelle-m135/,7990,7990,si,2
2026-09-20,16:04:07,airsoftgames,Máscara de protección Colmillos auditiva Stalker EVO gris simple,https://airsoftgames.cl/producto/mascara-malla-gris-calavera-negra-st/,17990,17990,si,5
2026-09-20,16:04:07,airsoftgames,Máscara Stalker EVO Colmillos Actualización Máscara Negro,https://airsoftgames.cl/producto/mascara-malla-negra-calavera/,18990,18990,si,1
2026-09-20,16:04:07,airsoftgames,Máscara Stalker EVO PLUS Colmillos Fangs Ear Protection Mask Tan,https://airsoftgames.cl/producto/mascara-malla-tan-calavera-negra-protector-oido/,20990,20990,si,2
2026-09-20,16:04:07,airsoftgames,conector mini tamiya specna arms,https://airsoftgames.cl/producto/conector-mini-tamiya-specna-arms/,2990,2990,si,1
2026-09-20,16:04:07,airsoftgames,conector T DEAN specna arms,https://airsoftgames.cl/producto/conector-t-dean-specna-arms/,2990,2990,si,3
2026-09-20,16:04:07,airsoftgames,Speedloader azul specna arms 140rds,https://airsoftgames.cl/producto/speedloader-azul-specna-arms-140rds/,5490,5490,no,N/A
2026-09-20,16:04:07,airsoftgames,Máscara Stalker Evo con soporte para casco FAST,https://airsoftgames.cl/producto/mascara-facial-con-malla-metalica-color-tan/,14990,14990,si,2
2026-09-20,16:04:07,airsoftgames,Mag clip M4 Tan,https://airsoftgames.cl/producto/mag-clip-ak-tan/,9990,9990,si,3
2026-09-20,16:04:07,airsoftgames,Sniper S03-BLK-SET UP SNIPER,https://airsoftgames.cl/producto/sa-s03-blk-set-up-sniper/,194990,249990,si,13
2026-09-20,16:04:07,airsoftgames,Botella G&G 0.28 (5.600rd),https://airsoftgames.cl/producto/botella-g-g-0-28-5-600rd/,25990,25990,si,16
2026-09-20,16:04:07,airsoftgames,"BALINES SPECNA CORE 0,28g",https://airsoftgames.cl/producto/balines-specna-core-0-28/,7990,7990,si,55
2026-09-20,16:04:07,airsoftgames,Máscara de protección auditiva colmillos Stalker EVO protector mejillas,https://airsoftgames.cl/producto/mascara-de-malla-gris-calevera-negra/,18990,18990,si,1
2026-09-20,16:04:07,airsoftgames,Riel MLOCK 45 grados G&G,https://airsoftgames.cl/producto/riel-mlock-45-grados-g-g/,7990,7990,si,4
2026-09-20,16:04:07,airsoftgames,HOLSTER GLOCK9MM/SW40/357 TAN,https://airsoftgames.cl/producto/holster-glock9mm-sw40-357-tan/,18990,18990,si,1
2026-09-20,16:04:07,airsoftgames,POUCH RADIO TAN,https://airsoftgames.cl/producto/pouch-m4/,7990,7990,si,1
2026-09-20,16:04:07,airsoftgames,PISTOLA TRAUMÁTICA SCORPION .50 LANCER DEFENSE,https://airsoftgames.cl/producto/pistola-traumtica-scorpion-50-lancer-defense/,159990,159990,si,3
2026-09-20,16:04:07,airsoftgames,Balaclava od,https://airsoftgames.cl/producto/balaclava-od/,5990,5990,si,1
2026-09-20,16:04:07,airsoftgames,Coderas tipo X tan,https://airsoftgames.cl/producto/rodilleras-tan-9mm-talla-s/,6000,6000,si,1
2026-09-20,16:04:07,airsoftgames,HOLSTER GLOCK 9MM/SW40/357  (Negro),https://airsoftgames.cl/producto/holster-glock-9mm-sw40-357/,18990,18990,si,2
2026-09-20,16:04:07,airsoftgames,"Lipo 7,4v 2.500 Mah (T-din)",https://airsoftgames.cl/producto/lipo-74v-2-500-mah-t-din/,19990,19990,no,N/A
2026-09-20,16:04:07,airsoftgames,MID CAP AK SMAG BLACK,https://airsoftgames.cl/producto/mid-cap-175-rd-ak/,7990,7990,si,11
2026-09-20,16:04:07,airsoftgames,Chamber Rotatorio M4 azul Specna,https://airsoftgames.cl/producto/chamber-specna-plastic-m4/,9990,9990,si,2
2026-09-20,16:04:07,airsoftgames,Resorte M105 E&L,https://airsoftgames.cl/producto/resorte-m105-el/,9490,9490,si,4
2026-09-20,16:04:07,airsoftgames,Set rieles Keymod (2 piezas),https://airsoftgames.cl/producto/set-rieles-keymod-2-piezas/,14990,14990,si,6
2026-09-20,16:04:07,airsoftgames,Grip clasico specna arms,https://airsoftgames.cl/producto/grip-clasico-specna-arms/,8990,8990,no,N/A
2026-09-20,16:04:07,airsoftgames,GRIP TACTICO,https://airsoftgames.cl/producto/grip-tactico/,8990,8990,si,1
2026-09-20,16:04:07,airsoftgames,cabeza cilindro doble oring azul specna arms,https://airsoftgames.cl/producto/cabeza-de-cilindro-cnc-m4/,9990,9990,si,11
2026-09-20,16:04:07,airsoftgames,HI CAP GRIS SPECNA ARMS 300RDS,https://airsoftgames.cl/producto/hi-cap-specna-m4-tan-metal-300-rds/,7990,7990,si,17
2026-09-20,16:04:07,airsoftgames,speedloader azul specna arms 90rds,https://airsoftgames.cl/producto/speed-loader-sa-90-rds-azul/,4490,4490,si,6
2026-09-20,16:04:07,airsoftgames,Cargador Lipo,https://airsoftgames.cl/producto/cargador-lipo/,19990,19990,si,6
2026-09-20,16:04:07,airsoftgames,LI-ION BATTERY 11.1V X 1500MAH 15C NUNCHUCK,https://airsoftgames.cl/producto/li-ion-battery-11-1v-x-1500mah-15c-nunchuck/,21990,21990,si,3
